{"0": [{"item": "LUNCH BAG SPACEBOY DESIGN", "count": 41}, {"item": "LUNCH BAG RED RETROSPOT", "count": 41}, {"item": "LUNCH BAG  BLACK SKULL.", "count": 39}, {"item": "LUNCH BAG CARS BLUE", "count": 38}, {"item": "LUNCH BAG ALPHABET DESIGN", "count": 37}, {"item": "WHITE HANGING HEART T-LIGHT HOLDER", "count": 36}, {"item": "PACK OF 72 RETROSPOT CAKE CASES", "count": 36}, {"item": "LUNCH BAG VINTAGE LEAF DESIGN", "count": 36}, {"item": "LUNCH BAG PINK POLKADOT", "count": 36}, {"item": "LUNCH BAG WOODLAND", "count": 35}], "1": [{"item": "JUMBO BAG RED RETROSPOT", "count": 318}, {"item": "REGENCY CAKESTAND 3 TIER", "count": 315}, {"item": "WHITE HANGING HEART T-LIGHT HOLDER", "count": 301}, {"item": "PACK OF 72 RETROSPOT CAKE CASES", "count": 296}, {"item": "LUNCH BAG RED RETROSPOT", "count": 293}, {"item": "SET OF 3 CAKE TINS PANTRY DESIGN", "count": 292}, {"item": "SPOTTY BUNTING", "count": 284}, {"item": "PAPER CHAIN KIT 50'S CHRISTMAS", "count": 279}, {"item": "PARTY BUNTING", "count": 272}, {"item": "JAM MAKING SET PRINTED", "count": 263}], "2": [{"item": "REGENCY CAKESTAND 3 TIER", "count": 522}, {"item": "WHITE HANGING HEART T-LIGHT HOLDER", "count": 507}, {"item": "ASSORTED COLOUR BIRD ORNAMENT", "count": 415}, {"item": "PARTY BUNTING", "count": 392}, {"item": "BAKING SET 9 PIECE RETROSPOT", "count": 347}, {"item": "NATURAL SLATE HEART CHALKBOARD", "count": 328}, {"item": "HEART OF WICKER SMALL", "count": 322}, {"item": "SET OF 3 CAKE TINS PANTRY DESIGN", "count": 310}, {"item": "PAPER CHAIN KIT 50'S CHRISTMAS", "count": 302}, {"item": "PACK OF 72 RETROSPOT CAKE CASES", "count": 295}]}