[{"items": ["WHITE HANGING HEART T-LIGHT HOLDER"], "support": 0.1056543522545835, "count": 1919}, {"items": ["KNITTED UNION FLAG HOT WATER BOTTLE"], "support": 0.017453063921158397, "count": 317}, {"items": ["RED WOOLLY HOTTIE WHITE HEART."], "support": 0.017287892969223145, "count": 314}, {"items": ["SET 7 BABUSHKA NESTING BOXES"], "support": 0.016131696305676374, "count": 293}, {"items": ["CREAM CUPID HEARTS COAT HANGER"], "support": 0.013048505202884987, "count": 237}, {"items": ["WHITE METAL LANTERN"], "support": 0.012773220282992898, "count": 232}, {"items": ["HAND WARMER UNION JACK"], "support": 0.02428012993448219, "count": 441}, {"items": ["ASSORTED COLOUR BIRD ORNAMENT"], "support": 0.07476738424269118, "count": 1357}, {"items": ["HOME BUILDING BLOCK WORD"], "support": 0.03738369212134559, "count": 678}, {"items": ["LOVE BUILDING BLOCK WORD"], "support": 0.030006056268237626, "count": 545}, {"items": ["DOORMAT NEW ENGLAND"], "support": 0.028134118812971426, "count": 511}, {"items": ["FELTCRAFT PRINCESS CHARLOTTE DOLL"], "support": 0.021362109783626054, "count": 388}, {"items": ["POPPY'S PLAYHOUSE KITCHEN"], "support": 0.018499146616748334, "count": 336}, {"items": ["POPPY'S PLAYHOUSE BEDROOM"], "support": 0.016902494081374224, "count": 307}, {"items": ["BOX OF VINTAGE ALPHABET BLOCKS"], "support": 0.012167593459230304, "count": 221}, {"items": ["BOX OF VINTAGE JIGSAW BLOCKS"], "support": 0.011121510763640367, "count": 202}, {"items": ["JAM MAKING SET WITH JARS"], "support": 0.04619280955789242, "count": 839}, {"items": ["BATH BUILDING BLOCK WORD"], "support": 0.01293839123492815, "count": 235}, {"items": ["POSTAGE"], "support": 0.05742443428948962, "count": 1043}, {"items": ["ALARM CLOCK BAKELIKE RED"], "support": 0.0470737213015471, "count": 855}, {"items": ["ALARM CLOCK BAKELIKE GREEN"], "support": 0.042999504487144194, "count": 781}, {"items": ["SPACEBOY LUNCH BOX"], "support": 0.03787920497715135, "count": 688}, {"items": ["ALARM CLOCK BAKELIKE PINK"], "support": 0.032703848483180094, "count": 594}, {"items": ["ROUND SNACK BOXES SET OF4 WOODLAND"], "support": 0.03226339261135275, "count": 586}, {"items": ["RED TOADSTOOL LED NIGHT LIGHT"], "support": 0.02824423278092826, "count": 513}, {"items": ["LUNCH BOX I LOVE LONDON"], "support": 0.02758354897318725, "count": 501}, {"items": ["VINTAGE HEADS AND TAILS CARD GAME"], "support": 0.026041953421791553, "count": 473}, {"items": ["SET 2 TEA TOWELS I LOVE LONDON"], "support": 0.020205913120079282, "count": 367}, {"items": ["CHARLOTTE BAG DOLLY GIRL DESIGN"], "support": 0.018719374552662007, "count": 340}, {"items": ["MINI PAINT SET VINTAGE"], "support": 0.017287892969223145, "count": 314}, {"items": ["CIRCUS PARADE LUNCH BOX"], "support": 0.013544018058690745, "count": 246}, {"items": ["SET/2 RED RETROSPOT TEA TOWELS"], "support": 0.011727137587402962, "count": 213}, {"items": ["PAPER CHAIN KIT 50'S CHRISTMAS"], "support": 0.05301987557121621, "count": 963}, {"items": ["WOODEN PICTURE FRAME WHITE FINISH"], "support": 0.047899576061223366, "count": 870}, {"items": ["WOODEN FRAME ANTIQUE WHITE"], "support": 0.04404558718273413, "count": 800}, {"items": ["WOOD 2 DRAWER CABINET WHITE FINISH"], "support": 0.027858833893079336, "count": 506}, {"items": ["WOOD S/3 CABINET ANT WHITE FINISH"], "support": 0.0202609701040577, "count": 368}, {"items": ["SAVE THE PLANET MUG"], "support": 0.014590100754280681, "count": 265}, {"items": ["EDWARDIAN PARASOL RED"], "support": 0.014094587898474922, "count": 256}, {"items": ["RED HANGING HEART T-LIGHT HOLDER"], "support": 0.03628255244177724, "count": 659}, {"items": ["HOT WATER BOTTLE TEA AND SYMPATHY"], "support": 0.0277487199251225, "count": 504}, {"items": ["LUNCH BAG RED RETROSPOT"], "support": 0.06970214171667675, "count": 1266}, {"items": ["PACK OF 72 RETROSPOT CAKE CASES"], "support": 0.054616528106590324, "count": 992}, {"items": ["JUMBO BAG PINK POLKADOT"], "support": 0.04756923415735286, "count": 864}, {"items": ["JUMBO STORAGE BAG SUKI"], "support": 0.04228376369542476, "count": 767}, {"items": ["PACK OF 60 PINK PAISLEY CAKE CASES"], "support": 0.035676925618014645, "count": 648}, {"items": ["JUMBO  BAG BAROQUE BLACK WHITE"], "support": 0.03529152673016572, "count": 641}, {"items": ["60 TEATIME FAIRY CAKE CASES"], "support": 0.034685899906403125, "count": 630}, {"items": ["JUMBO BAG PINK VINTAGE PAISLEY"], "support": 0.03259373451522326, "count": 592}, {"items": ["PACK OF 60 DINOSAUR CAKE CASES"], "support": 0.02807906182899301, "count": 510}, {"items": ["STRAWBERRY CHARLOTTE BAG"], "support": 0.026757694213510985, "count": 486}, {"items": ["STRAWBERRY LUNCH BOX WITH CUTLERY"], "support": 0.02312393327093542, "count": 420}, {"items": ["LUNCH BOX WITH CUTLERY RETROSPOT"], "support": 0.017783405825028905, "count": 323}, {"items": ["SET/6 RED SPOTTY PAPER PLATES"], "support": 0.01739800693717998, "count": 316}, {"items": ["JAM MAKING SET PRINTED"], "support": 0.04564223971810824, "count": 829}, {"items": ["RETROSPOT TEA SET CERAMIC 11 PC"], "support": 0.044155701150690965, "count": 802}, {"items": ["JUMBO SHOPPER VINTAGE RED PAISLEY"], "support": 0.04305456147112261, "count": 782}, {"items": ["GIN + TONIC DIET METAL SIGN"], "support": 0.035456697682100975, "count": 644}, {"items": ["COOK WITH WINE METAL SIGN"], "support": 0.03187799372350383, "count": 579}, {"items": ["PAPER CHAIN KIT RETROSPOT"], "support": 0.0240048450145901, "count": 436}, {"items": ["DOORMAT FANCY FONT HOME SWEET HOME"], "support": 0.020371084072014534, "count": 370}, {"items": ["EDWARDIAN PARASOL NATURAL"], "support": 0.019820514232230357, "count": 360}, {"items": ["YOU'RE CONFUSING ME METAL SIGN"], "support": 0.018223861696856247, "count": 331}, {"items": ["CLEAR DRAWER KNOB ACRYLIC EDWARDIAN"], "support": 0.01717777900126631, "count": 312}, {"items": ["RETROSPOT LARGE MILK JUG"], "support": 0.01646203820954688, "count": 299}, {"items": ["WHITE SPOT RED CERAMIC DRAWER KNOB"], "support": 0.016351924241590047, "count": 297}, {"items": ["CERAMIC STRAWBERRY CAKE MONEY BANK"], "support": 0.015360898529978528, "count": 279}, {"items": ["EDWARDIAN PARASOL BLACK"], "support": 0.015250784562021693, "count": 277}, {"items": ["PIGGY BANK RETROSPOT"], "support": 0.013654132026647581, "count": 248}, {"items": ["CERAMIC CHERRY CAKE MONEY BANK"], "support": 0.010185542036007267, "count": 185}, {"items": ["ZINC WILLIE WINKIE  CANDLE STICK"], "support": 0.01013048505202885, "count": 184}, {"items": ["RECYCLING BAG RETROSPOT"], "support": 0.022298078511259152, "count": 405}, {"items": ["TOY TIDY PINK POLKADOT"], "support": 0.015746297417827453, "count": 286}, {"items": ["VINTAGE SNAKES & LADDERS"], "support": 0.013709189010625998, "count": 249}, {"items": ["ANTIQUE GLASS DRESSING TABLE POT"], "support": 0.010185542036007267, "count": 185}, {"items": ["NATURAL SLATE HEART CHALKBOARD"], "support": 0.0523591917634752, "count": 951}, {"items": ["HEART OF WICKER SMALL"], "support": 0.05191873589164785, "count": 943}, {"items": ["HEART OF WICKER LARGE"], "support": 0.043715245278863626, "count": 794}, {"items": ["WOOD BLACK BOARD ANT WHITE FINISH"], "support": 0.032318449595331165, "count": 587}, {"items": ["COLOUR GLASS T-LIGHT HOLDER HANGING"], "support": 0.028629631668777186, "count": 520}, {"items": ["CREAM HEART CARD HOLDER"], "support": 0.02450035787039586, "count": 445}, {"items": ["ENAMEL FLOWER JUG CREAM"], "support": 0.02350933215878434, "count": 427}, {"items": ["ENAMEL BREAD BIN CREAM"], "support": 0.017342949953201563, "count": 315}, {"items": ["HANGING METAL HEART LANTERN"], "support": 0.015030556626108022, "count": 273}, {"items": ["CLASSIC METAL BIRDCAGE PLANT HOLDER"], "support": 0.014094587898474922, "count": 256}, {"items": ["LUNCH BAG DOLLY GIRL DESIGN"], "support": 0.032318449595331165, "count": 587}, {"items": ["JUMBO BAG DOLLY GIRL DESIGN"], "support": 0.017232835985244728, "count": 313}, {"items": ["TRADITIONAL CHRISTMAS RIBBONS"], "support": 0.014535043770302262, "count": 264}, {"items": ["JUMBO BAG RED RETROSPOT"], "support": 0.08660463579805099, "count": 1573}, {"items": ["CHILLI LIGHTS"], "support": 0.028189175796949843, "count": 512}, {"items": ["HOMEMADE JAM SCENTED CANDLES"], "support": 0.027638605957165666, "count": 502}, {"items": ["RED DINER WALL CLOCK"], "support": 0.021967736607388648, "count": 399}, {"items": ["IVORY DINER WALL CLOCK"], "support": 0.020811539943841877, "count": 378}, {"items": ["BLUE DINER WALL CLOCK"], "support": 0.017563177889115236, "count": 319}, {"items": ["RED RETROSPOT UMBRELLA"], "support": 0.01602158233771954, "count": 291}, {"items": ["CHRISTMAS LIGHTS 10 REINDEER"], "support": 0.013654132026647581, "count": 248}, {"items": ["BLACK/BLUE POLKADOT UMBRELLA"], "support": 0.013599075042669162, "count": 247}, {"items": ["SMALL HEART MEASURING SPOONS"], "support": 0.013323790122777074, "count": 242}, {"items": ["LARGE HEART MEASURING SPOONS"], "support": 0.011837251555359798, "count": 215}, {"items": ["SET/20 RED RETROSPOT PAPER NAPKINS"], "support": 0.039200572592633376, "count": 712}, {"items": ["PAPER CHAIN KIT VINTAGE CHRISTMAS"], "support": 0.03787920497715135, "count": 688}, {"items": ["RETROSPOT HEART HOT WATER BOTTLE"], "support": 0.028629631668777186, "count": 520}, {"items": ["HANGING HEART ZINC T-LIGHT HOLDER"], "support": 0.022022793591367065, "count": 400}, {"items": ["SMALL POPCORN HOLDER"], "support": 0.021527280735561306, "count": 391}, {"items": ["SET/6 RED SPOTTY PAPER CUPS"], "support": 0.01530584154600011, "count": 278}, {"items": ["ENGLISH ROSE HOT WATER BOTTLE"], "support": 0.01481032869019435, "count": 269}, {"items": ["JAM JAR WITH PINK LID"], "support": 0.013103562186863404, "count": 238}, {"items": ["DELUXE SEWING KIT"], "support": 0.011782194571381379, "count": 214}, {"items": ["JAM JAR WITH GREEN LID"], "support": 0.011121510763640367, "count": 202}, {"items": ["WOODEN BOX OF DOMINOES"], "support": 0.024170015966525352, "count": 439}, {"items": ["3 STRIPEY MICE FELTCRAFT"], "support": 0.021527280735561306, "count": 391}, {"items": ["SET OF 6 SOLDIER SKITTLES"], "support": 0.018444089632769917, "count": 335}, {"items": ["TRADITIONAL WOODEN SKIPPING ROPE"], "support": 0.0183890326487915, "count": 334}, {"items": ["PICNIC BASKET WICKER SMALL"], "support": 0.012442878379122392, "count": 226}, {"items": ["CLOTHES PEGS RETROSPOT PACK 24"], "support": 0.03413533006661895, "count": 620}, {"items": ["HAND OVER THE CHOCOLATE   SIGN"], "support": 0.032428563563288, "count": 589}, {"items": ["HAND WARMER OWL DESIGN"], "support": 0.03127236689974123, "count": 567}, {"items": ["HAND WARMER SCOTTY DOG DESIGN"], "support": 0.025766668501899466, "count": 468}, {"items": ["TRAVEL SEWING KIT"], "support": 0.02097671089577713, "count": 381}, {"items": ["HAND WARMER RED RETROSPOT"], "support": 0.018664317568683586, "count": 339}, {"items": ["FANCY FONT BIRTHDAY CARD,"], "support": 0.013599075042669162, "count": 247}, {"items": ["HAND WARMER BIRD DESIGN"], "support": 0.026041953421791553, "count": 473}, {"items": ["ALARM CLOCK BAKELIKE IVORY"], "support": 0.02538126961405054, "count": 461}, {"items": ["ALARM CLOCK BAKELIKE ORANGE"], "support": 0.019325001376424598, "count": 350}, {"items": ["SMALL GLASS HEART TRINKET POT"], "support": 0.01860926058470517, "count": 338}, {"items": ["CHICK GREY HOT WATER BOTTLE"], "support": 0.01530584154600011, "count": 278}, {"items": ["CHOCOLATE HOT WATER BOTTLE"], "support": 0.03732863513736717, "count": 678}, {"items": ["SCOTTIE DOG HOT WATER BOTTLE"], "support": 0.035456697682100975, "count": 644}, {"items": ["STRAWBERRY CERAMIC TRINKET BOX"], "support": 0.027418378021251997, "count": 498}, {"items": ["HOT WATER BOTTLE I AM SO POORLY"], "support": 0.026977922149424655, "count": 490}, {"items": ["WHITE SKULL HOT WATER BOTTLE"], "support": 0.02048119803997137, "count": 372}, {"items": ["PACK OF 12 RED RETROSPOT TISSUES"], "support": 0.013213676154820239, "count": 240}, {"items": ["DOORMAT FAIRY CAKE"], "support": 0.012828277266971316, "count": 233}, {"items": ["LUNCH BAG SPACEBOY DESIGN"], "support": 0.053845730330892475, "count": 978}, {"items": ["LUNCH BAG PINK POLKADOT"], "support": 0.05032208335627374, "count": 914}, {"items": ["LUNCH BAG WOODLAND"], "support": 0.044375929086604635, "count": 806}, {"items": ["GUMBALL COAT RACK"], "support": 0.03083191102791389, "count": 560}, {"items": ["PHOTO FRAME CORNICE"], "support": 0.02378461707867643, "count": 432}, {"items": ["BATHROOM METAL SIGN"], "support": 0.02262842041512966, "count": 411}, {"items": ["LADIES & GENTLEMEN METAL SIGN"], "support": 0.019820514232230357, "count": 360}, {"items": ["ASSORTED COLOUR MINI CASES"], "support": 0.01954522931233827, "count": 355}, {"items": ["METAL SIGN TAKE IT OR LEAVE IT"], "support": 0.018719374552662007, "count": 340}, {"items": ["SCANDINAVIAN REDS RIBBONS"], "support": 0.018113747728899413, "count": 329}, {"items": ["CANDLEHOLDER PINK HANGING HEART"], "support": 0.01805869074492099, "count": 328}, {"items": ["I'M ON HOLIDAY METAL SIGN"], "support": 0.017838462809007322, "count": 324}, {"items": ["TOILET METAL SIGN"], "support": 0.016406981225568464, "count": 298}, {"items": ["SET/10 PINK POLKADOT PARTY CANDLES"], "support": 0.016351924241590047, "count": 297}, {"items": ["SET 20 NAPKINS FAIRY CAKES DESIGN"], "support": 0.015250784562021693, "count": 277}, {"items": ["JAZZ HEARTS PURSE NOTEBOOK"], "support": 0.013268733138798656, "count": 241}, {"items": ["PICTURE DOMINOES"], "support": 0.013103562186863404, "count": 238}, {"items": ["FAMILY PHOTO FRAME CORNICE"], "support": 0.012387821395143973, "count": 225}, {"items": ["KITCHEN METAL SIGN"], "support": 0.012057479491273468, "count": 219}, {"items": ["RETROSPOT CIGAR BOX MATCHES"], "support": 0.011506909651489292, "count": 209}, {"items": ["SET OF 9 HEART SHAPED BALLOONS"], "support": 0.011396795683532456, "count": 207}, {"items": ["TRIPLE PHOTO FRAME CORNICE"], "support": 0.010736111875791444, "count": 195}, {"items": ["BALLOONS  WRITING SET"], "support": 0.010185542036007267, "count": 185}, {"items": ["FAIRY CAKE FLANNEL ASSORTED COLOUR"], "support": 0.01013048505202885, "count": 184}, {"items": ["LUNCH BAG  BLACK SKULL."], "support": 0.057204206353575954, "count": 1039}, {"items": ["LUNCH BAG CARS BLUE"], "support": 0.05219402081153995, "count": 948}, {"items": ["SET OF 3 HEART COOKIE CUTTERS"], "support": 0.02807906182899301, "count": 510}, {"items": ["PACK OF 72 SKULL CAKE CASES"], "support": 0.026977922149424655, "count": 490}, {"items": ["SET OF 3 BUTTERFLY COOKIE CUTTERS"], "support": 0.026702637229532568, "count": 485}, {"items": ["72 SWEETHEART FAIRY CAKE CASES"], "support": 0.026427352309640478, "count": 480}, {"items": ["PACK OF 60 SPACEBOY CAKE CASES"], "support": 0.02163739470351814, "count": 393}, {"items": ["3 PIECE SPACEBOY COOKIE CUTTER SET"], "support": 0.01602158233771954, "count": 291}, {"items": ["HEART IVORY TRELLIS LARGE"], "support": 0.014645157738259099, "count": 266}, {"items": ["CHOCOLATE BOX RIBBONS"], "support": 0.012387821395143973, "count": 225}, {"items": ["HEART IVORY TRELLIS SMALL"], "support": 0.012057479491273468, "count": 219}, {"items": ["ROMANTIC PINKS RIBBONS"], "support": 0.010956339811705115, "count": 199}, {"items": ["SET/5 RED RETROSPOT LID GLASS BOWLS"], "support": 0.0408522821119859, "count": 742}, {"items": ["VICTORIAN GLASS HANGING T-LIGHT"], "support": 0.04421075813466938, "count": 803}, {"items": ["DOORMAT RED RETROSPOT"], "support": 0.030886968011892307, "count": 561}, {"items": ["RED  HARMONICA IN BOX"], "support": 0.029730771348345536, "count": 540}, {"items": ["BLUE HARMONICA IN BOX"], "support": 0.02752849198920883, "count": 500}, {"items": ["DOORMAT HEARTS"], "support": 0.025601497549964214, "count": 465}, {"items": ["PLASTERS IN TIN SKULLS"], "support": 0.023894731046633266, "count": 434}, {"items": ["SET OF 20 KIDS COOKIE CUTTERS"], "support": 0.022298078511259152, "count": 405}, {"items": ["SET OF 72 RETROSPOT PAPER  DOILIES"], "support": 0.01954522931233827, "count": 355}, {"items": ["4 TRADITIONAL SPINNING TOPS"], "support": 0.018994659472554094, "count": 345}, {"items": ["SINGLE HEART ZINC T-LIGHT HOLDER"], "support": 0.01816880471287783, "count": 330}, {"items": ["LOVEBIRD HANGING DECORATION WHITE"], "support": 0.017067665033309476, "count": 310}, {"items": ["NATURAL SLATE RECTANGLE CHALKBOARD"], "support": 0.01668226614546055, "count": 303}, {"items": ["ROTATING SILVER ANGELS T-LIGHT HLDR"], "support": 0.016406981225568464, "count": 298}, {"items": ["SILVER HANGING T-LIGHT HOLDER"], "support": 0.013544018058690745, "count": 246}, {"items": ["AIRLINE BAG VINTAGE TOKYO 78"], "support": 0.013323790122777074, "count": 242}, {"items": ["10 COLOUR SPACEBOY PEN"], "support": 0.013048505202884987, "count": 237}, {"items": ["12 PENCILS TALL TUBE SKULLS"], "support": 0.011782194571381379, "count": 214}, {"items": ["CARD CIRCUS PARADE"], "support": 0.011451852667510873, "count": 208}, {"items": ["JUMBO BAG STRAWBERRY"], "support": 0.03551175466607939, "count": 645}, {"items": ["FELTCRAFT CUSHION OWL"], "support": 0.022463249463194408, "count": 408}, {"items": ["JUMBO BAG OWLS"], "support": 0.022187964543302317, "count": 403}, {"items": ["AGED GLASS SILVER T-LIGHT HOLDER"], "support": 0.015030556626108022, "count": 273}, {"items": ["STRAWBERRY SHOPPER BAG"], "support": 0.01249793536310081, "count": 227}, {"items": ["REX CASH+CARRY JUMBO SHOPPER"], "support": 0.04723889225348235, "count": 857}, {"items": ["6 RIBBONS RUSTIC CHARM"], "support": 0.03925562957661179, "count": 713}, {"items": ["DOLLY GIRL LUNCH BOX"], "support": 0.032869019435115346, "count": 597}, {"items": ["ROUND SNACK BOXES SET OF 4 FRUITS"], "support": 0.024885756758244785, "count": 452}, {"items": ["CHRISTMAS CRAFT LITTLE FRIENDS"], "support": 0.02284864835104333, "count": 415}, {"items": ["RED RETROSPOT MINI CASES"], "support": 0.019325001376424598, "count": 350}, {"items": ["CHRISTMAS CRAFT TREE TOP ANGEL"], "support": 0.018499146616748334, "count": 336}, {"items": ["SOLDIERS EGG CUP"], "support": 0.018003633760942574, "count": 327}, {"items": ["FELTCRAFT CUSHION RABBIT"], "support": 0.01739800693717998, "count": 316}, {"items": ["SET OF 3 NOTEBOOKS IN PARCEL"], "support": 0.017122722017287893, "count": 311}, {"items": ["FELTCRAFT CHRISTMAS FAIRY"], "support": 0.01618675328965479, "count": 294}, {"items": ["FELTCRAFT DOLL MOLLY"], "support": 0.015691240433849035, "count": 285}, {"items": ["FELTCRAFT CUSHION BUTTERFLY"], "support": 0.015636183449870614, "count": 283}, {"items": ["FELTCRAFT DOLL ROSIE"], "support": 0.013544018058690745, "count": 246}, {"items": ["FELTCRAFT PRINCESS OLIVIA DOLL"], "support": 0.01343390409073391, "count": 244}, {"items": ["FELTCRAFT DOLL EMILY"], "support": 0.012167593459230304, "count": 221}, {"items": ["RED RETROSPOT PLATE"], "support": 0.011947365523316633, "count": 217}, {"items": ["VINTAGE SNAP CARDS"], "support": 0.037603920057259266, "count": 683}, {"items": ["PLASTERS IN TIN WOODLAND ANIMALS"], "support": 0.031712822771568575, "count": 576}, {"items": ["PLASTERS IN TIN SPACEBOY"], "support": 0.03143753785167649, "count": 571}, {"items": ["PLASTERS IN TIN VINTAGE PAISLEY"], "support": 0.025931839453834718, "count": 471}, {"items": ["SET OF 20 VINTAGE CHRISTMAS NAPKINS"], "support": 0.025821725485877883, "count": 469}, {"items": ["FELTCRAFT 6 FLOWER FRIENDS"], "support": 0.024940813742223202, "count": 453}, {"items": ["60 CAKE CASES VINTAGE CHRISTMAS"], "support": 0.024665528822331112, "count": 448}, {"items": ["CHILDRENS APRON SPACEBOY DESIGN"], "support": 0.0240048450145901, "count": 436}, {"items": ["FELTCRAFT BUTTERFLY HEARTS"], "support": 0.023564389142762758, "count": 428}, {"items": ["PACK OF 12 LONDON TISSUES"], "support": 0.02092165391179871, "count": 380}, {"items": ["FELTCRAFT PRINCESS LOLA DOLL"], "support": 0.020205913120079282, "count": 367}, {"items": ["60 CAKE CASES DOLLY GIRL DESIGN"], "support": 0.01855420360072675, "count": 337}, {"items": ["WICKER STAR"], "support": 0.016406981225568464, "count": 298}, {"items": ["HAND WARMER BABUSHKA DESIGN"], "support": 0.015856411385784287, "count": 288}, {"items": ["PACK OF 60 MUSHROOM CAKE CASES"], "support": 0.014975499642129604, "count": 272}, {"items": ["CHILDREN'S APRON DOLLY GIRL"], "support": 0.013764245994604416, "count": 250}, {"items": ["SET 12 RETRO WHITE CHALK STICKS"], "support": 0.013488961074712327, "count": 245}, {"items": ["MAGIC DRAWING SLATE SPACEBOY"], "support": 0.011011396795683533, "count": 200}, {"items": ["RIBBON REEL CHRISTMAS SOCK BAUBLE"], "support": 0.010791168859769861, "count": 196}, {"items": ["GREY HEART HOT WATER BOTTLE"], "support": 0.027473435005230414, "count": 499}, {"items": ["TRADITIONAL WOODEN CATCH CUP GAME"], "support": 0.015691240433849035, "count": 285}, {"items": ["METAL SIGN EMPIRE TEA"], "support": 0.010075428068050432, "count": 183}, {"items": ["FAWN BLUE HOT WATER BOTTLE"], "support": 0.02048119803997137, "count": 372}, {"items": ["PACK OF 6 BIRDY GIFT TAGS"], "support": 0.017232835985244728, "count": 313}, {"items": ["DOORSTOP RETROSPOT HEART"], "support": 0.012883334250949733, "count": 234}, {"items": ["CERAMIC HEART FAIRY CAKE MONEY BANK"], "support": 0.012828277266971316, "count": 233}, {"items": ["RED RETROSPOT OVEN GLOVE"], "support": 0.014039530914496504, "count": 255}, {"items": ["ZINC METAL HEART DECORATION"], "support": 0.025766668501899466, "count": 468}, {"items": ["CHRISTMAS CRAFT WHITE FAIRY"], "support": 0.017508120905136818, "count": 318}, {"items": ["RETROSPOT CHILDRENS APRON"], "support": 0.015636183449870614, "count": 283}, {"items": ["HEART FILIGREE DOVE  SMALL"], "support": 0.01343390409073391, "count": 244}, {"items": ["COLOURING PENCILS BROWN TUBE"], "support": 0.011727137587402962, "count": 213}, {"items": ["SET/10 RED POLKADOT PARTY CANDLES"], "support": 0.018223861696856247, "count": 331}, {"items": ["VICTORIAN SEWING BOX SMALL"], "support": 0.012442878379122392, "count": 226}, {"items": ["FRENCH WC SIGN BLUE METAL"], "support": 0.01106645377966195, "count": 201}, {"items": ["WASHROOM METAL SIGN"], "support": 0.015911468369762705, "count": 289}, {"items": ["WOODEN HEART CHRISTMAS SCANDINAVIAN"], "support": 0.024610471838352695, "count": 447}, {"items": ["PACK OF 12 HEARTS DESIGN TISSUES"], "support": 0.019159830424489346, "count": 348}, {"items": ["RIBBON REEL STRIPES DESIGN"], "support": 0.01816880471287783, "count": 330}, {"items": ["RETROSPOT PARTY BAG + STICKER SET"], "support": 0.014590100754280681, "count": 265}, {"items": ["SET/10 BLUE POLKADOT PARTY CANDLES"], "support": 0.012167593459230304, "count": 221}, {"items": ["HEART FILIGREE DOVE LARGE"], "support": 0.011672080603424544, "count": 212}, {"items": ["VINTAGE PAISLEY STATIONERY SET"], "support": 0.010846225843748279, "count": 197}, {"items": ["REGENCY CAKESTAND 3 TIER"], "support": 0.08957771293288554, "count": 1627}, {"items": ["BLACK RECORD COVER FRAME"], "support": 0.01717777900126631, "count": 312}, {"items": ["36 PENCILS TUBE RED RETROSPOT"], "support": 0.012277707427187139, "count": 223}, {"items": ["RECORD FRAME 7\" SINGLE SIZE"], "support": 0.010736111875791444, "count": 195}, {"items": ["VINTAGE UNION JACK BUNTING"], "support": 0.021362109783626054, "count": 388}, {"items": ["PAPER BUNTING WHITE LACE"], "support": 0.013984473930518087, "count": 254}, {"items": ["CARD BILLBOARD FONT"], "support": 0.018003633760942574, "count": 327}, {"items": ["SET OF 2 TEA TOWELS APPLE AND PEARS"], "support": 0.013048505202884987, "count": 237}, {"items": ["CARD DOLLY GIRL"], "support": 0.011506909651489292, "count": 209}, {"items": ["LANTERN CREAM GAZEBO"], "support": 0.013929416946539668, "count": 253}, {"items": ["ANTIQUE SILVER TEA GLASS ENGRAVED"], "support": 0.015195727578043276, "count": 276}, {"items": ["JUMBO STORAGE BAG SKULLS"], "support": 0.025821725485877883, "count": 469}, {"items": ["PLACE SETTING WHITE HEART"], "support": 0.015415955513956945, "count": 280}, {"items": ["PICNIC BASKET WICKER LARGE"], "support": 0.013544018058690745, "count": 246}, {"items": ["CALENDAR PAPER CUT DESIGN"], "support": 0.012608049331057644, "count": 229}, {"items": ["RETROSPOT RED WASHING UP GLOVES"], "support": 0.012552992347079227, "count": 228}, {"items": ["SMALL RED BABUSHKA NOTEBOOK"], "support": 0.010460826955899356, "count": 190}, {"items": ["HERB MARKER MINT"], "support": 0.010295656003964104, "count": 187}, {"items": ["12 MESSAGE CARDS WITH ENVELOPES"], "support": 0.01013048505202885, "count": 184}, {"items": ["HERB MARKER ROSEMARY"], "support": 0.01013048505202885, "count": 184}, {"items": ["HERB MARKER BASIL"], "support": 0.010075428068050432, "count": 183}, {"items": ["HERB MARKER THYME"], "support": 0.010020371084072015, "count": 182}, {"items": ["HERB MARKER PARSLEY"], "support": 0.010020371084072015, "count": 182}, {"items": ["PINK CREAM FELT CRAFT TRINKET BOX"], "support": 0.029015030556626107, "count": 527}, {"items": ["PACK OF 20 NAPKINS PANTRY DESIGN"], "support": 0.02824423278092826, "count": 513}, {"items": ["SWEETHEART CAKESTAND 3 TIER"], "support": 0.017508120905136818, "count": 318}, {"items": ["ROSES REGENCY TEACUP AND SAUCER"], "support": 0.040411826240158565, "count": 734}, {"items": ["GREEN REGENCY TEACUP AND SAUCER"], "support": 0.03595221053790673, "count": 653}, {"items": ["ENAMEL MEASURING JUG CREAM"], "support": 0.01695755106535264, "count": 308}, {"items": ["12 PENCILS SMALL TUBE SKULL"], "support": 0.015911468369762705, "count": 289}, {"items": ["12 PENCIL SMALL TUBE WOODLAND"], "support": 0.01508561361008644, "count": 274}, {"items": ["IVORY KITCHEN SCALES"], "support": 0.03204316467543908, "count": 582}, {"items": ["RED KITCHEN SCALES"], "support": 0.023399218190827506, "count": 425}, {"items": ["METAL 4 HOOK HANGER FRENCH CHATEAU"], "support": 0.018278918680834665, "count": 332}, {"items": ["JUMBO BAG WOODLAND ANIMALS"], "support": 0.026702637229532568, "count": 485}, {"items": ["MULTI COLOUR SILVER T-LIGHT HOLDER"], "support": 0.016351924241590047, "count": 297}, {"items": ["WOODEN ROUNDERS GARDEN SET"], "support": 0.016131696305676374, "count": 293}, {"items": ["CHILDS BREAKFAST SET SPACEBOY"], "support": 0.011011396795683533, "count": 200}, {"items": ["WHITE WOOD GARDEN PLANT LADDER"], "support": 0.020205913120079282, "count": 367}, {"items": ["MINT KITCHEN SCALES"], "support": 0.015471012497935362, "count": 281}, {"items": ["RED RETROSPOT WRAP"], "support": 0.01805869074492099, "count": 328}, {"items": ["FANCY FONTS BIRTHDAY WRAP"], "support": 0.012552992347079227, "count": 228}, {"items": ["GIN & TONIC DIET GREETING CARD"], "support": 0.010020371084072015, "count": 182}, {"items": ["RECIPE BOX PANTRY YELLOW DESIGN"], "support": 0.04410064416671255, "count": 801}, {"items": ["GINGERBREAD MAN COOKIE CUTTER"], "support": 0.029565600396410284, "count": 537}, {"items": ["PLASTERS IN TIN CIRCUS PARADE"], "support": 0.02758354897318725, "count": 501}, {"items": ["PLASTERS IN TIN STRONGMAN"], "support": 0.023839674062654848, "count": 433}, {"items": ["RECIPE BOX RETROSPOT"], "support": 0.023564389142762758, "count": 428}, {"items": ["NO SINGING METAL SIGN"], "support": 0.02092165391179871, "count": 380}, {"items": ["WOODEN SCHOOL COLOURING SET"], "support": 0.020701425975885042, "count": 376}, {"items": ["BOX OF 24 COCKTAIL PARASOLS"], "support": 0.019490172328359853, "count": 354}, {"items": ["PACK OF 12 TRADITIONAL CRAYONS"], "support": 0.016847437097395803, "count": 305}, {"items": ["PACK OF 12 SUKI TISSUES"], "support": 0.013984473930518087, "count": 254}, {"items": ["RECIPE BOX BLUE SKETCHBOOK DESIGN"], "support": 0.012332764411165556, "count": 224}, {"items": ["PINK HEART SHAPE EGG FRYING PAN"], "support": 0.010846225843748279, "count": 197}, {"items": ["GIN AND TONIC MUG"], "support": 0.010460826955899356, "count": 190}, {"items": ["PACK OF 12 WOODLAND TISSUES"], "support": 0.01013048505202885, "count": 184}, {"items": ["RED RETROSPOT CAKE STAND"], "support": 0.02235313549523757, "count": 406}, {"items": ["DOORMAT SPOTTY HOME SWEET HOME"], "support": 0.021362109783626054, "count": 388}, {"items": ["T-LIGHT GLASS FLUTED ANTIQUE"], "support": 0.014039530914496504, "count": 255}, {"items": ["DOORMAT UNION FLAG"], "support": 0.028354346748885095, "count": 515}, {"items": ["DOORMAT ENGLISH ROSE"], "support": 0.018994659472554094, "count": 345}, {"items": ["3 HOOK PHOTO SHELF ANTIQUE WHITE"], "support": 0.01629686725761163, "count": 296}, {"items": ["GRAND CHOCOLATECANDLE"], "support": 0.013544018058690745, "count": 246}, {"items": ["RED GINGHAM ROSE JEWELLERY BOX"], "support": 0.011617023619446127, "count": 211}, {"items": ["JUMBO BAG TOYS"], "support": 0.013488961074712327, "count": 245}, {"items": ["SET 12 KIDS  WHITE CHALK STICKS"], "support": 0.010075428068050432, "count": 183}, {"items": ["BLUE SPOT CERAMIC DRAWER KNOB"], "support": 0.015581126465892199, "count": 283}, {"items": ["SWEETHEART RECIPE BOOK STAND"], "support": 0.014700214722237516, "count": 267}, {"items": ["FOUR HOOK  WHITE LOVEBIRDS"], "support": 0.01387435996256125, "count": 252}, {"items": ["SUKI  SHOULDER BAG"], "support": 0.01106645377966195, "count": 201}, {"items": ["SMALL PURPLE BABUSHKA NOTEBOOK"], "support": 0.010460826955899356, "count": 190}, {"items": ["BREAD BIN DINER STYLE IVORY"], "support": 0.017783405825028905, "count": 323}, {"items": ["BREAD BIN DINER STYLE RED"], "support": 0.01249793536310081, "count": 227}, {"items": ["PLEASE ONE PERSON METAL SIGN"], "support": 0.03732863513736717, "count": 678}, {"items": ["SWEETHEART CERAMIC TRINKET BOX"], "support": 0.020701425975885042, "count": 376}, {"items": ["RED STRIPE CERAMIC DRAWER KNOB"], "support": 0.017508120905136818, "count": 318}, {"items": ["WOODEN TREE CHRISTMAS SCANDINAVIAN"], "support": 0.014535043770302262, "count": 264}, {"items": ["Manual"], "support": 0.013929416946539668, "count": 253}, {"items": ["15CM CHRISTMAS GLASS BALL 20 LIGHTS"], "support": 0.011011396795683533, "count": 200}, {"items": ["WOODEN STAR CHRISTMAS SCANDINAVIAN"], "support": 0.022903705335021746, "count": 416}, {"items": ["PINK BLUE FELT CRAFT TRINKET BOX"], "support": 0.024885756758244785, "count": 452}, {"items": ["COWBOYS AND INDIANS BIRTHDAY CARD"], "support": 0.01106645377966195, "count": 201}, {"items": ["ALARM CLOCK BAKELIKE CHOCOLATE"], "support": 0.01717777900126631, "count": 312}, {"items": ["CHARLOTTE BAG SUKI DESIGN"], "support": 0.03187799372350383, "count": 579}, {"items": ["BROCADE RING PURSE"], "support": 0.011341738699554038, "count": 206}, {"items": ["PAINTED METAL PEARS ASSORTED"], "support": 0.01882948852061884, "count": 342}, {"items": ["SWALLOWS GREETING CARD"], "support": 0.01293839123492815, "count": 235}, {"items": ["COLOUR GLASS. STAR T-LIGHT HOLDER"], "support": 0.011892308539338215, "count": 216}, {"items": ["RED RETROSPOT CUP"], "support": 0.01508561361008644, "count": 274}, {"items": ["BINGO SET"], "support": 0.014590100754280681, "count": 265}, {"items": ["HOME SWEET HOME MUG"], "support": 0.015691240433849035, "count": 285}, {"items": ["BAG 125g SWIRLY MARBLES"], "support": 0.013268733138798656, "count": 241}, {"items": ["WOODEN HAPPY BIRTHDAY GARLAND"], "support": 0.012277707427187139, "count": 223}, {"items": ["BAG 250g SWIRLY MARBLES"], "support": 0.010350712987942521, "count": 188}, {"items": ["RED RETROSPOT CHILDRENS UMBRELLA"], "support": 0.010020371084072015, "count": 182}, {"items": ["BAKING SET SPACEBOY DESIGN"], "support": 0.022683477399108077, "count": 412}, {"items": ["PARTY METAL SIGN"], "support": 0.0202609701040577, "count": 368}, {"items": ["MEMO BOARD RETROSPOT  DESIGN"], "support": 0.01882948852061884, "count": 342}, {"items": ["SPACEBOY BIRTHDAY CARD"], "support": 0.02147222375158289, "count": 390}, {"items": ["SET 12 KIDS COLOUR  CHALK STICKS"], "support": 0.015195727578043276, "count": 276}, {"items": ["ROBOT BIRTHDAY CARD"], "support": 0.013764245994604416, "count": 250}, {"items": ["WORLD WAR 2 GLIDERS ASSTD DESIGNS"], "support": 0.02499587072620162, "count": 454}, {"items": ["CHILDRENS APRON APPLES DESIGN"], "support": 0.015030556626108022, "count": 273}, {"items": ["ENCHANTED BIRD COATHANGER 5 HOOK"], "support": 0.010405769971920938, "count": 189}, {"items": ["12 PENCILS SMALL TUBE RED RETROSPOT"], "support": 0.016792380113417386, "count": 305}, {"items": ["3 TRADITIONAl BISCUIT CUTTERS  SET"], "support": 0.01062599790783461, "count": 193}, {"items": ["PACK OF 12 COLOURED PENCILS"], "support": 0.01062599790783461, "count": 193}, {"items": ["BLUE STRIPE CERAMIC DRAWER KNOB"], "support": 0.018994659472554094, "count": 345}, {"items": ["RED SPOT CERAMIC DRAWER KNOB"], "support": 0.015195727578043276, "count": 276}, {"items": ["WATERING CAN BLUE ELEPHANT"], "support": 0.014975499642129604, "count": 272}, {"items": ["WHITE SPOT BLUE CERAMIC DRAWER KNOB"], "support": 0.014645157738259099, "count": 266}, {"items": ["TEA PARTY BIRTHDAY CARD"], "support": 0.013764245994604416, "count": 250}, {"items": ["WATERING CAN PINK BUNNY"], "support": 0.012773220282992898, "count": 232}, {"items": ["WATERING CAN GREEN DINOSAUR"], "support": 0.010295656003964104, "count": 187}, {"items": ["RED RETROSPOT ROUND CAKE TINS"], "support": 0.013819302978582833, "count": 251}, {"items": ["AREA PATROLLED METAL SIGN"], "support": 0.02042614105599295, "count": 371}, {"items": ["RED RETROSPOT BOWL"], "support": 0.016131696305676374, "count": 293}, {"items": ["PICTURE FRAME WOOD TRIPLE PORTRAIT"], "support": 0.012057479491273468, "count": 219}, {"items": ["ROUND CAKE TIN VINTAGE RED"], "support": 0.012993448218906568, "count": 236}, {"items": ["POTTING SHED TEA MUG"], "support": 0.01271816329901448, "count": 230}, {"items": ["TRADITIONAL MODELLING CLAY"], "support": 0.018223861696856247, "count": 331}, {"items": ["PEG BAG APPLES DESIGN"], "support": 0.011837251555359798, "count": 215}, {"items": ["PHOTO FRAME 3 CLASSIC HANGING"], "support": 0.010901282827726698, "count": 198}, {"items": ["PAPER BUNTING RETROSPOT"], "support": 0.030721797059957055, "count": 558}, {"items": ["PINK HAPPY BIRTHDAY BUNTING"], "support": 0.01910477344051093, "count": 347}, {"items": ["BLUE HAPPY BIRTHDAY BUNTING"], "support": 0.01882948852061884, "count": 342}, {"items": ["TEA TIME PARTY BUNTING"], "support": 0.01695755106535264, "count": 308}, {"items": ["SET/3 RED GINGHAM ROSE STORAGE BOX"], "support": 0.016627209161482134, "count": 302}, {"items": ["WOODEN UNION JACK BUNTING"], "support": 0.01629686725761163, "count": 296}, {"items": ["SET 3 RETROSPOT TEA,COFFEE,SUGAR"], "support": 0.012663106315036062, "count": 230}, {"items": ["12 PENCILS TALL TUBE RED RETROSPOT"], "support": 0.012663106315036062, "count": 230}, {"items": ["WOOD STAMP SET THANK YOU"], "support": 0.010736111875791444, "count": 195}, {"items": ["JUMBO BAG SPACEBOY DESIGN"], "support": 0.025986896437813135, "count": 472}, {"items": ["RED FLORAL FELTCRAFT SHOULDER BAG"], "support": 0.013819302978582833, "count": 251}, {"items": ["PINK FLORAL FELTCRAFT SHOULDER BAG"], "support": 0.012277707427187139, "count": 223}, {"items": ["IVORY HANGING DECORATION  HEART"], "support": 0.011231624731597204, "count": 204}, {"items": ["PINK FAIRY CAKE CHILDRENS APRON"], "support": 0.02125199581566922, "count": 386}, {"items": ["RED SPOTTY BISCUIT TIN"], "support": 0.010901282827726698, "count": 198}, {"items": ["BLUE POLKADOT BOWL"], "support": 0.012112536475251885, "count": 219}, {"items": ["PACK OF 20 SKULL PAPER NAPKINS"], "support": 0.011176567747618785, "count": 203}, {"items": ["PINK  POLKADOT CUP"], "support": 0.011011396795683533, "count": 200}, {"items": ["PINK POLKADOT BOWL"], "support": 0.011947365523316633, "count": 217}, {"items": ["ROUND CAKE TIN VINTAGE GREEN"], "support": 0.010515883939877773, "count": 191}, {"items": ["MEMO BOARD COTTAGE DESIGN"], "support": 0.014039530914496504, "count": 255}, {"items": ["SET OF 36 PAISLEY FLOWER DOILIES"], "support": 0.012167593459230304, "count": 221}, {"items": ["POPPY'S PLAYHOUSE LIVINGROOM"], "support": 0.01343390409073391, "count": 244}, {"items": ["VINTAGE UNION JACK MEMOBOARD"], "support": 0.011286681715575621, "count": 205}, {"items": ["SPACEBOY GIFT WRAP"], "support": 0.010846225843748279, "count": 197}, {"items": ["FAMILY ALBUM WHITE PICTURE FRAME"], "support": 0.015030556626108022, "count": 273}, {"items": ["KEY FOB , BACK DOOR"], "support": 0.012828277266971316, "count": 233}, {"items": ["12 PENCILS TALL TUBE WOODLAND"], "support": 0.011176567747618785, "count": 203}, {"items": ["GAOLERS KEYS DECORATIVE GARDEN"], "support": 0.011176567747618785, "count": 203}, {"items": ["RED RETROSPOT PEG BAG"], "support": 0.018994659472554094, "count": 345}, {"items": ["RED RETROSPOT CHARLOTTE BAG"], "support": 0.04035676925618015, "count": 733}, {"items": ["CHARLOTTE BAG PINK POLKADOT"], "support": 0.026537466277597312, "count": 482}, {"items": ["PAPER CHAIN KIT EMPIRE"], "support": 0.02048119803997137, "count": 372}, {"items": ["TOY TIDY SPACEBOY"], "support": 0.01057094092385619, "count": 191}, {"items": ["PINK POLKADOT WRAP"], "support": 0.011231624731597204, "count": 204}, {"items": ["ASSORTED COLOURS SILK FAN"], "support": 0.017618234873093653, "count": 320}, {"items": ["RED RETROSPOT SHOPPER BAG"], "support": 0.02092165391179871, "count": 380}, {"items": ["RED RETROSPOT BUTTER DISH"], "support": 0.010901282827726698, "count": 198}, {"items": ["WOODLAND CHARLOTTE BAG"], "support": 0.028849859604690855, "count": 524}, {"items": ["HANGING JAM JAR T-LIGHT HOLDER"], "support": 0.016351924241590047, "count": 297}, {"items": ["BLUE POLKADOT WRAP"], "support": 0.011451852667510873, "count": 208}, {"items": ["FLORAL FOLK STATIONERY SET"], "support": 0.011011396795683533, "count": 200}, {"items": ["MONSTERS STENCIL CRAFT"], "support": 0.010405769971920938, "count": 189}, {"items": ["HOT BATHS METAL SIGN"], "support": 0.02097671089577713, "count": 381}, {"items": ["CHOCOLATE THIS WAY METAL SIGN"], "support": 0.020316027088036117, "count": 369}, {"items": ["POTTERING IN THE SHED METAL SIGN"], "support": 0.020205913120079282, "count": 367}, {"items": ["KEY FOB , SHED"], "support": 0.014535043770302262, "count": 264}, {"items": ["LAUNDRY 15C METAL SIGN"], "support": 0.01387435996256125, "count": 252}, {"items": ["BLUE POLKADOT CUP"], "support": 0.011782194571381379, "count": 214}, {"items": ["CREAM SWEETHEART MINI CHEST"], "support": 0.02378461707867643, "count": 432}, {"items": ["WRAP ENGLISH ROSE"], "support": 0.013268733138798656, "count": 241}, {"items": ["TEA TIME OVEN GLOVE"], "support": 0.013048505202884987, "count": 237}, {"items": ["RED RETROSPOT SUGAR JAM BOWL"], "support": 0.01062599790783461, "count": 193}, {"items": ["WOODEN CROQUET GARDEN SET"], "support": 0.012552992347079227, "count": 228}, {"items": ["TRADITIONAL KNITTING NANCY"], "support": 0.027858833893079336, "count": 506}, {"items": ["VINTAGE CREAM CAT FOOD CONTAINER"], "support": 0.01271816329901448, "count": 230}, {"items": ["3 HEARTS HANGING DECORATION RUSTIC"], "support": 0.014259758850410174, "count": 259}, {"items": ["SET OF 36 TEATIME PAPER DOILIES"], "support": 0.01271816329901448, "count": 230}, {"items": ["SET/20 STRAWBERRY PAPER NAPKINS"], "support": 0.010846225843748279, "count": 197}, {"items": ["SCANDINAVIAN PAISLEY PICNIC BAG"], "support": 0.01701260804933106, "count": 309}, {"items": ["PINK VINTAGE PAISLEY PICNIC BAG"], "support": 0.01530584154600011, "count": 278}, {"items": ["ENGLISH ROSE NOTEBOOK A7 SIZE"], "support": 0.011727137587402962, "count": 213}, {"items": ["PARTY BUNTING"], "support": 0.07443704233882067, "count": 1352}, {"items": ["HOME SWEET HOME METAL SIGN"], "support": 0.013048505202884987, "count": 237}, {"items": ["VINTAGE CREAM DOG FOOD CONTAINER"], "support": 0.01580135440180587, "count": 287}, {"items": ["NATURAL SLATE CHALKBOARD LARGE"], "support": 0.016351924241590047, "count": 297}, {"items": ["SET OF SALT AND PEPPER TOADSTOOLS"], "support": 0.01057094092385619, "count": 191}, {"items": ["SKULL LUNCH BOX WITH CUTLERY"], "support": 0.014479986786323845, "count": 263}, {"items": ["MAGNETS PACK OF 4 SWALLOWS"], "support": 0.012277707427187139, "count": 223}, {"items": ["RED RETROSPOT PICNIC BAG"], "support": 0.02048119803997137, "count": 372}, {"items": ["STRAWBERRY   PICNIC BAG"], "support": 0.011011396795683533, "count": 200}, {"items": ["SET OF 72 PINK HEART PAPER DOILIES"], "support": 0.0165170951935253, "count": 300}, {"items": ["TEA BAG PLATE RED RETROSPOT"], "support": 0.013488961074712327, "count": 245}, {"items": ["BEWARE OF THE CAT METAL SIGN"], "support": 0.01938005836040302, "count": 352}, {"items": ["POTTERING MUG"], "support": 0.010791168859769861, "count": 196}, {"items": ["RIBBON REEL HEARTS DESIGN"], "support": 0.012057479491273468, "count": 219}, {"items": ["HAPPY STENCIL CRAFT"], "support": 0.013764245994604416, "count": 250}, {"items": ["HANGING HEART JAR T-LIGHT HOLDER"], "support": 0.030556626108021803, "count": 555}, {"items": ["SMALL MARSHMALLOWS PINK BOWL"], "support": 0.015691240433849035, "count": 285}, {"items": ["DOORMAT HOME SWEET HOME BLUE"], "support": 0.013599075042669162, "count": 247}, {"items": ["DOORMAT WELCOME PUPPIES"], "support": 0.01293839123492815, "count": 235}, {"items": ["SMALL DOLLY MIX DESIGN ORANGE BOWL"], "support": 0.019600286296316688, "count": 356}, {"items": ["SMALL RED RETROSPOT WINDMILL"], "support": 0.010185542036007267, "count": 185}, {"items": ["GROW A FLYTRAP OR SUNFLOWER IN TIN"], "support": 0.01271816329901448, "count": 230}, {"items": ["PACK OF 20 NAPKINS RED APPLES"], "support": 0.01673732312943897, "count": 304}, {"items": ["PINK REGENCY TEACUP AND SAUCER"], "support": 0.02895997357264769, "count": 526}, {"items": ["FRENCH ENAMEL CANDLEHOLDER"], "support": 0.011782194571381379, "count": 214}, {"items": ["RED RETROSPOT SMALL MILK JUG"], "support": 0.01629686725761163, "count": 296}, {"items": ["SET OF 6 RIBBONS VINTAGE CHRISTMAS"], "support": 0.017728348841050488, "count": 322}, {"items": ["DOORMAT WELCOME TO OUR HOME"], "support": 0.017948576776964157, "count": 326}, {"items": ["SET OF 3 CAKE TINS PANTRY DESIGN"], "support": 0.06122336618400044, "count": 1112}, {"items": ["SET OF 6 SPICE TINS PANTRY DESIGN"], "support": 0.03512635577823047, "count": 638}, {"items": ["SET OF 6 HERB TINS SKETCHBOOK"], "support": 0.012552992347079227, "count": 228}, {"items": ["SET OF 3 CAKE TINS SKETCHBOOK"], "support": 0.013103562186863404, "count": 238}, {"items": ["COFFEE MUG PEARS  DESIGN"], "support": 0.010295656003964104, "count": 187}, {"items": ["LONDON BUS COFFEE MUG"], "support": 0.015195727578043276, "count": 276}, {"items": ["COFFEE MUG APPLES DESIGN"], "support": 0.012442878379122392, "count": 226}, {"items": ["QUEENS GUARD COFFEE MUG"], "support": 0.012828277266971316, "count": 233}, {"items": ["PINK BABY BUNTING"], "support": 0.010791168859769861, "count": 196}, {"items": ["BAKING SET 9 PIECE RETROSPOT"], "support": 0.045366954798216154, "count": 824}, {"items": ["WRAP ALPHABET DESIGN"], "support": 0.012057479491273468, "count": 219}, {"items": ["SET 3 PAPER VINTAGE CHICK PAPER EGG"], "support": 0.010240599019985685, "count": 186}, {"items": ["MEDIUM CERAMIC TOP STORAGE JAR"], "support": 0.010295656003964104, "count": 187}, {"items": ["GINGHAM HEART DECORATION"], "support": 0.017618234873093653, "count": 320}, {"items": ["SET 2 PANTRY DESIGN TEA TOWELS"], "support": 0.016627209161482134, "count": 302}, {"items": ["PANTRY SCRUBBING BRUSH"], "support": 0.012608049331057644, "count": 229}, {"items": ["SET OF 4 PANTRY JELLY MOULDS"], "support": 0.04657820844574134, "count": 846}, {"items": ["TRAVEL CARD WALLET KEEP CALM"], "support": 0.024059901998568518, "count": 437}, {"items": ["TRAVEL CARD WALLET TRANSPORT"], "support": 0.011231624731597204, "count": 204}, {"items": ["REVOLVER WOODEN RULER"], "support": 0.015360898529978528, "count": 279}, {"items": ["GIRAFFE WOODEN RULER"], "support": 0.012387821395143973, "count": 225}, {"items": ["TRAVEL CARD WALLET VINTAGE TICKET"], "support": 0.016076639321697957, "count": 292}, {"items": ["TRAVEL CARD WALLET SUKI"], "support": 0.010075428068050432, "count": 183}, {"items": ["CHILDRENS CUTLERY POLKADOT PINK"], "support": 0.01701260804933106, "count": 309}, {"items": ["CHILDRENS CUTLERY POLKADOT BLUE"], "support": 0.010901282827726698, "count": 198}, {"items": ["LUNCH BAG SUKI DESIGN"], "support": 0.049110829708748555, "count": 892}, {"items": ["CHILDRENS CUTLERY RETROSPOT RED"], "support": 0.012442878379122392, "count": 226}, {"items": ["JUMBO BAG SCANDINAVIAN BLUE PAISLEY"], "support": 0.02450035787039586, "count": 445}, {"items": ["TOILET SIGN OCCUPIED OR VACANT"], "support": 0.013819302978582833, "count": 251}, {"items": ["PANTRY WASHING UP BRUSH"], "support": 0.015966525353741122, "count": 290}, {"items": ["TREASURE ISLAND BOOK BOX"], "support": 0.011506909651489292, "count": 209}, {"items": ["FELTCRAFT GIRL AMELIE KIT"], "support": 0.013488961074712327, "count": 245}, {"items": ["RECYCLED ACAPULCO MAT TURQUOISE"], "support": 0.011782194571381379, "count": 214}, {"items": ["BULL DOG BOTTLE OPENER"], "support": 0.010681054891813027, "count": 194}, {"items": ["ANTIQUE SILVER T-LIGHT GLASS"], "support": 0.029015030556626107, "count": 527}, {"items": ["DOUGHNUT LIP GLOSS"], "support": 0.01668226614546055, "count": 303}, {"items": ["ICE CREAM SUNDAE LIP GLOSS"], "support": 0.013378847106755493, "count": 243}, {"items": ["ICE CREAM PEN LIP GLOSS"], "support": 0.011396795683532456, "count": 207}, {"items": ["OPEN CLOSED METAL SIGN"], "support": 0.018003633760942574, "count": 327}, {"items": ["SET OF 4 JAM JAR MAGNETS"], "support": 0.011506909651489292, "count": 209}, {"items": ["SET OF 5 PANCAKE DAY MAGNETS"], "support": 0.010460826955899356, "count": 190}, {"items": ["SET OF 5 MINI GROCERY MAGNETS"], "support": 0.010020371084072015, "count": 182}, {"items": ["SET OF 5 LUCKY CAT MAGNETS"], "support": 0.010185542036007267, "count": 185}, {"items": ["CHILDRENS CUTLERY SPACEBOY"], "support": 0.017122722017287893, "count": 311}, {"items": ["CHILDRENS CUTLERY DOLLY GIRL"], "support": 0.014479986786323845, "count": 263}, {"items": ["LUNCH BAG APPLE DESIGN"], "support": 0.04690855034961185, "count": 852}, {"items": ["JUMBO BAG ALPHABET"], "support": 0.04030171227220173, "count": 732}, {"items": ["JUMBO BAG APPLES"], "support": 0.038815173704784454, "count": 705}, {"items": ["LUNCH BAG ALPHABET DESIGN"], "support": 0.03474095689038154, "count": 631}, {"items": ["CHARLOTTE BAG APPLES DESIGN"], "support": 0.023178990254913837, "count": 421}, {"items": ["CHARLOTTE BAG VINTAGE ALPHABET"], "support": 0.017453063921158397, "count": 317}, {"items": ["LUNCH BAG VINTAGE LEAF DESIGN"], "support": 0.03237350657930958, "count": 588}, {"items": ["TRIPLE HOOK ANTIQUE IVORY ROSE"], "support": 0.011286681715575621, "count": 205}, {"items": ["SINGLE ANTIQUE ROSE HOOK IVORY"], "support": 0.013544018058690745, "count": 246}, {"items": ["MINIATURE ANTIQUE ROSE HOOK IVORY"], "support": 0.012442878379122392, "count": 226}, {"items": ["ZINC T-LIGHT HOLDER STARS SMALL"], "support": 0.01271816329901448, "count": 230}, {"items": ["DOORMAT KEEP CALM AND COME IN"], "support": 0.03529152673016572, "count": 641}, {"items": ["SPOTTY BUNTING"], "support": 0.05395584429884931, "count": 980}, {"items": ["LUNCH BAG DOILEY PATTERN"], "support": 0.02521609866211529, "count": 458}, {"items": ["JUMBO BAG PEARS"], "support": 0.02543632659802896, "count": 461}, {"items": ["JUMBO BAG DOILEY PATTERNS"], "support": 0.024775642790287947, "count": 450}, {"items": ["JUMBO BAG VINTAGE LEAF"], "support": 0.041347794967791666, "count": 751}, {"items": ["BUNDLE OF 3 RETRO NOTE BOOKS"], "support": 0.012883334250949733, "count": 234}, {"items": ["REGENCY TEAPOT ROSES"], "support": 0.018333975664813082, "count": 333}, {"items": ["REGENCY TEA PLATE ROSES"], "support": 0.016572152177503716, "count": 301}, {"items": ["REGENCY TEA PLATE GREEN"], "support": 0.013544018058690745, "count": 246}, {"items": ["REGENCY MILK JUG PINK"], "support": 0.013488961074712327, "count": 245}, {"items": ["REGENCY SUGAR BOWL GREEN"], "support": 0.013268733138798656, "count": 241}, {"items": ["REGENCY TEA PLATE PINK"], "support": 0.01106645377966195, "count": 201}, {"items": ["RABBIT NIGHT LIGHT"], "support": 0.0433298463910147, "count": 787}, {"items": ["PARISIENNE JEWELLERY DRAWER"], "support": 0.011672080603424544, "count": 212}, {"items": ["ZINC HERB GARDEN CONTAINER"], "support": 0.010075428068050432, "count": 183}, {"items": ["SET OF 10 LED DOLLY LIGHTS"], "support": 0.018499146616748334, "count": 336}, {"items": ["RED METAL BOX TOP SECRET"], "support": 0.011782194571381379, "count": 214}, {"items": ["PARISIENNE KEY CABINET"], "support": 0.011286681715575621, "count": 205}, {"items": ["BUNDLE OF 3 ALPHABET EXERCISE BOOKS"], "support": 0.016627209161482134, "count": 302}, {"items": ["SET 6 PAPER TABLE LANTERN HEARTS"], "support": 0.014259758850410174, "count": 259}, {"items": ["SILVER BELLS TABLE DECORATION"], "support": 0.011617023619446127, "count": 211}, {"items": ["LARGE CERAMIC TOP STORAGE JAR"], "support": 0.011727137587402962, "count": 213}, {"items": ["SILVER STARS TABLE DECORATION"], "support": 0.010185542036007267, "count": 185}, {"items": ["CLASSIC GLASS COOKIE JAR"], "support": 0.013158619170841821, "count": 239}, {"items": ["CLASSIC CAFE SUGAR DISPENSER"], "support": 0.010901282827726698, "count": 198}, {"items": ["JINGLE BELL HEART DECORATION"], "support": 0.016847437097395803, "count": 305}, {"items": ["GARDENERS KNEELING PAD KEEP CALM"], "support": 0.04123768099983483, "count": 749}, {"items": ["GARDENERS KNEELING PAD CUP OF TEA"], "support": 0.03474095689038154, "count": 631}, {"items": ["SET 6 PAPER TABLE LANTERN STARS"], "support": 0.011121510763640367, "count": 202}, {"items": ["JINGLE BELL HEART ANTIQUE SILVER"], "support": 0.010846225843748279, "count": 197}, {"items": ["SET OF 3 HANGING OWLS OLLIE BEAK"], "support": 0.014645157738259099, "count": 266}, {"items": ["SET OF 3 WOODEN HEART DECORATIONS"], "support": 0.021086824863733963, "count": 383}, {"items": ["SET OF 60 I LOVE LONDON CAKE CASES"], "support": 0.01618675328965479, "count": 294}, {"items": ["SET OF 60 PANTRY DESIGN CAKE CASES"], "support": 0.02659252326157573, "count": 483}, {"items": ["SET OF 36 DOILIES PANTRY DESIGN"], "support": 0.010185542036007267, "count": 185}, {"items": ["SET OF 60 VINTAGE LEAF CAKE CASES"], "support": 0.015966525353741122, "count": 290}, {"items": ["SET OF 4 KNICK KNACK TINS LONDON"], "support": 0.01271816329901448, "count": 230}, {"items": ["SET OF TEA COFFEE SUGAR TINS PANTRY"], "support": 0.0202609701040577, "count": 368}, {"items": ["SET OF 3 REGENCY CAKE TINS"], "support": 0.03738369212134559, "count": 678}, {"items": ["TREASURE TIN GYMKHANA DESIGN"], "support": 0.015195727578043276, "count": 276}, {"items": ["BISCUIT TIN 50'S CHRISTMAS"], "support": 0.014645157738259099, "count": 266}, {"items": ["SMALL WHITE HEART OF WICKER"], "support": 0.03176787975554699, "count": 577}, {"items": ["BUBBLEGUM RING ASSORTED"], "support": 0.011451852667510873, "count": 208}, {"items": ["ZINC FOLKART SLEIGH BELLS"], "support": 0.01816880471287783, "count": 330}, {"items": ["SET OF 3 WOODEN STOCKING DECORATION"], "support": 0.014645157738259099, "count": 266}, {"items": ["SET OF 3 WOODEN TREE DECORATIONS"], "support": 0.013158619170841821, "count": 239}, {"items": ["SET OF 3 WOODEN SLEIGH DECORATIONS"], "support": 0.013158619170841821, "count": 239}, {"items": ["POPCORN HOLDER"], "support": 0.03341958927489952, "count": 607}, {"items": ["LARGE WHITE HEART OF WICKER"], "support": 0.0277487199251225, "count": 504}, {"items": ["JUMBO BAG VINTAGE CHRISTMAS"], "support": 0.02092165391179871, "count": 380}, {"items": ["CHRISTMAS STAR WISH LIST CHALKBOARD"], "support": 0.01271816329901448, "count": 230}, {"items": ["VINTAGE DONKEY TAIL GAME"], "support": 0.011341738699554038, "count": 206}, {"items": ["BISCUIT TIN VINTAGE CHRISTMAS"], "support": 0.012608049331057644, "count": 229}, {"items": ["GLASS APOTHECARY BOTTLE PERFUME"], "support": 0.010736111875791444, "count": 195}, {"items": ["JUMBO BAG 50'S CHRISTMAS"], "support": 0.03187799372350383, "count": 579}, {"items": ["PANTRY MAGNETIC  SHOPPING LIST"], "support": 0.019875571216208775, "count": 361}, {"items": ["WHITE WICKER STAR"], "support": 0.014755271706215933, "count": 268}, {"items": ["GIANT 50'S CHRISTMAS CRACKER"], "support": 0.01646203820954688, "count": 299}, {"items": ["VINTAGE LEAF MAGNETIC NOTEPAD"], "support": 0.011341738699554038, "count": 206}, {"items": ["BOX OF 6 MINI 50'S CRACKERS"], "support": 0.01976545724825194, "count": 359}, {"items": ["BOX OF 6 MINI VINTAGE CRACKERS"], "support": 0.017838462809007322, "count": 324}, {"items": ["VINTAGE CHRISTMAS BUNTING"], "support": 0.019435115344381436, "count": 353}, {"items": ["SET OF 12 FAIRY CAKE BAKING CASES"], "support": 0.024830699774266364, "count": 450}, {"items": ["SET OF 12 MINI LOAF BAKING CASES"], "support": 0.019325001376424598, "count": 350}, {"items": ["SET OF 6 TEA TIME BAKING CASES"], "support": 0.01701260804933106, "count": 309}, {"items": ["SET OF 6 SNACK LOAF BAKING CASES"], "support": 0.015360898529978528, "count": 279}, {"items": ["VINTAGE CHRISTMAS STOCKING"], "support": 0.014975499642129604, "count": 272}, {"items": ["VINTAGE CHRISTMAS GIFT SACK"], "support": 0.010515883939877773, "count": 191}, {"items": ["6 GIFT TAGS 50'S CHRISTMAS"], "support": 0.014094587898474922, "count": 256}, {"items": ["6 GIFT TAGS VINTAGE CHRISTMAS"], "support": 0.013654132026647581, "count": 248}, {"items": ["ROLL WRAP VINTAGE SPOT"], "support": 0.013323790122777074, "count": 242}, {"items": ["ROLL WRAP VINTAGE CHRISTMAS"], "support": 0.013323790122777074, "count": 242}, {"items": ["ROLL WRAP 50'S CHRISTMAS"], "support": 0.014700214722237516, "count": 267}, {"items": ["SET OF 4 KNICK KNACK TINS DOILY"], "support": 0.01695755106535264, "count": 308}, {"items": ["JUMBO BAG VINTAGE DOILY"], "support": 0.03341958927489952, "count": 607}, {"items": ["LUNCH BAG VINTAGE DOILY"], "support": 0.029070087540604524, "count": 528}, {"items": ["IVORY WICKER HEART LARGE"], "support": 0.014424929802345427, "count": 262}, {"items": ["DECORATIVE WICKER HEART LARGE"], "support": 0.011672080603424544, "count": 212}, {"items": ["DECORATIVE WICKER HEART MEDIUM"], "support": 0.010515883939877773, "count": 191}, {"items": ["IVORY WICKER HEART MEDIUM"], "support": 0.011727137587402962, "count": 213}, {"items": ["SET 6 SCHOOL MILK BOTTLES IN CRATE"], "support": 0.014920442658151187, "count": 271}, {"items": ["LOVE HOT WATER BOTTLE"], "support": 0.024114958982546935, "count": 438}, {"items": ["HOT WATER BOTTLE KEEP CALM"], "support": 0.038980344656719706, "count": 708}, {"items": ["HAND WARMER RED LOVE HEART"], "support": 0.0202609701040577, "count": 368}, {"items": ["HOME SWEET HOME CUSHION COVER"], "support": 0.010791168859769861, "count": 196}, {"items": ["SPACEBOY MINI BACKPACK"], "support": 0.011011396795683533, "count": 200}, {"items": ["PLAYING CARDS KEEP CALM & CARRY ON"], "support": 0.01789351979298574, "count": 325}, {"items": ["SET 12 COLOUR PENCILS SPACEBOY"], "support": 0.01249793536310081, "count": 227}, {"items": ["PLAYING CARDS JUBILEE UNION JACK"], "support": 0.010405769971920938, "count": 189}, {"items": ["VINTAGE DOILY TRAVEL SEWING KIT"], "support": 0.01904971645653251, "count": 346}, {"items": ["TRADITIONAL PICK UP STICKS GAME"], "support": 0.01271816329901448, "count": 230}, {"items": ["TRADITIONAL NAUGHTS & CROSSES"], "support": 0.011617023619446127, "count": 211}, {"items": ["VINTAGE DOILY JUMBO BAG RED"], "support": 0.01271816329901448, "count": 230}, {"items": ["LUNCH BAG PAISLEY PARK"], "support": 0.01624181027363321, "count": 294}, {"items": ["JUMBO BAG PAISLEY PARK"], "support": 0.016406981225568464, "count": 298}, {"items": ["HAND WARMER OWL DESIGN", "HAND WARMER UNION JACK"], "support": 0.011506909651489292, "count": 209}, {"items": ["HAND WARMER UNION JACK", "HAND WARMER SCOTTY DOG DESIGN"], "support": 0.010460826955899356, "count": 190}, {"items": ["ASSORTED COLOUR BIRD ORNAMENT", "WHITE HANGING HEART T-LIGHT HOLDER"], "support": 0.014424929802345427, "count": 262}, {"items": ["REGENCY CAKESTAND 3 TIER", "ASSORTED COLOUR BIRD ORNAMENT"], "support": 0.012442878379122392, "count": 226}, {"items": ["HOME BUILDING BLOCK WORD", "WHITE HANGING HEART T-LIGHT HOLDER"], "support": 0.011231624731597204, "count": 204}, {"items": ["HOME BUILDING BLOCK WORD", "LOVE BUILDING BLOCK WORD"], "support": 0.014755271706215933, "count": 268}, {"items": ["POPPY'S PLAYHOUSE BEDROOM", "POPPY'S PLAYHOUSE KITCHEN"], "support": 0.013544018058690745, "count": 246}, {"items": ["SET OF 3 CAKE TINS PANTRY DESIGN", "JAM MAKING SET WITH JARS"], "support": 0.012828277266971316, "count": 233}, {"items": ["ALARM CLOCK BAKELIKE GREEN", "ALARM CLOCK BAKELIKE RED"], "support": 0.028849859604690855, "count": 524}, {"items": ["LUNCH BAG SPACEBOY DESIGN", "SPACEBOY LUNCH BOX"], "support": 0.010901282827726698, "count": 198}, {"items": ["ALARM CLOCK BAKELIKE PINK", "ALARM CLOCK BAKELIKE RED"], "support": 0.02097671089577713, "count": 381}, {"items": ["ALARM CLOCK BAKELIKE GREEN", "ALARM CLOCK BAKELIKE PINK"], "support": 0.01855420360072675, "count": 337}, {"items": ["ALARM CLOCK BAKELIKE GREEN", "ALARM CLOCK BAKELIKE PINK", "ALARM CLOCK BAKELIKE RED"], "support": 0.01436987281836701, "count": 261}, {"items": ["POSTAGE", "ROUND SNACK BOXES SET OF4 WOODLAND"], "support": 0.012828277266971316, "count": 233}, {"items": ["VINTAGE SNAP CARDS", "VINTAGE HEADS AND TAILS CARD GAME"], "support": 0.01343390409073391, "count": 244}, {"items": ["CHARLOTTE BAG DOLLY GIRL DESIGN", "RED RETROSPOT CHARLOTTE BAG"], "support": 0.010240599019985685, "count": 186}, {"items": ["WOODEN PICTURE FRAME WHITE FINISH", "WHITE HANGING HEART T-LIGHT HOLDER"], "support": 0.016847437097395803, "count": 305}, {"items": ["WOODEN PICTURE FRAME WHITE FINISH", "WOODEN FRAME ANTIQUE WHITE"], "support": 0.02565655453394263, "count": 466}, {"items": ["WOODEN FRAME ANTIQUE WHITE", "WHITE HANGING HEART T-LIGHT HOLDER"], "support": 0.013929416946539668, "count": 253}, {"items": ["WOOD 2 DRAWER CABINET WHITE FINISH", "WOODEN PICTURE FRAME WHITE FINISH"], "support": 0.010901282827726698, "count": 198}, {"items": ["WOOD 2 DRAWER CABINET WHITE FINISH", "WOODEN FRAME ANTIQUE WHITE"], "support": 0.010185542036007267, "count": 185}, {"items": ["RED HANGING HEART T-LIGHT HOLDER", "WHITE HANGING HEART T-LIGHT HOLDER"], "support": 0.024170015966525352, "count": 439}, {"items": ["CHOCOLATE HOT WATER BOTTLE", "HOT WATER BOTTLE TEA AND SYMPATHY"], "support": 0.014094587898474922, "count": 256}, {"items": ["HOT WATER BOTTLE KEEP CALM", "HOT WATER BOTTLE TEA AND SYMPATHY"], "support": 0.012552992347079227, "count": 228}, {"items": ["LUNCH BAG RED RETROSPOT", "WHITE HANGING HEART T-LIGHT HOLDER"], "support": 0.012167593459230304, "count": 221}, {"items": ["LUNCH BAG RED RETROSPOT", "JUMBO BAG RED RETROSPOT"], "support": 0.023068876286957002, "count": 419}, {"items": ["PACK OF 72 RETROSPOT CAKE CASES", "LUNCH BAG RED RETROSPOT"], "support": 0.010460826955899356, "count": 190}, {"items": ["LUNCH BAG RED RETROSPOT", "JUMBO BAG PINK POLKADOT"], "support": 0.013103562186863404, "count": 238}, {"items": ["JUMBO BAG PINK POLKADOT", "JUMBO BAG RED RETROSPOT"], "support": 0.029730771348345536, "count": 540}, {"items": ["JUMBO BAG PINK POLKADOT", "LUNCH BAG  BLACK SKULL."], "support": 0.010846225843748279, "count": 197}, {"items": ["JUMBO BAG PINK POLKADOT", "LUNCH BAG PINK POLKADOT"], "support": 0.013488961074712327, "count": 245}, {"items": ["LUNCH BAG RED RETROSPOT", "JUMBO BAG PINK POLKADOT", "JUMBO BAG RED RETROSPOT"], "support": 0.010185542036007267, "count": 185}, {"items": ["JUMBO STORAGE BAG SUKI", "JUMBO BAG PINK POLKADOT"], "support": 0.015415955513956945, "count": 280}, {"items": ["LUNCH BAG RED RETROSPOT", "JUMBO STORAGE BAG SUKI"], "support": 0.013048505202884987, "count": 237}, {"items": ["JUMBO STORAGE BAG SUKI", "JUMBO BAG RED RETROSPOT"], "support": 0.023729560094698014, "count": 431}, {"items": ["JUMBO STORAGE BAG SUKI", "JUMBO SHOPPER VINTAGE RED PAISLEY"], "support": 0.013709189010625998, "count": 249}, {"items": ["JUMBO STORAGE BAG SUKI", "LUNCH BAG  BLACK SKULL."], "support": 0.010075428068050432, "count": 183}, {"items": ["JUMBO STORAGE BAG SUKI", "LUNCH BAG SUKI DESIGN"], "support": 0.012167593459230304, "count": 221}, {"items": ["JUMBO STORAGE BAG SUKI", "JUMBO BAG PINK POLKADOT", "JUMBO BAG RED RETROSPOT"], "support": 0.012057479491273468, "count": 219}, {"items": ["JUMBO STORAGE BAG SUKI", "JUMBO SHOPPER VINTAGE RED PAISLEY", "JUMBO BAG RED RETROSPOT"], "support": 0.010185542036007267, "count": 185}, {"items": ["PACK OF 72 RETROSPOT CAKE CASES", "PACK OF 60 PINK PAISLEY CAKE CASES"], "support": 0.01789351979298574, "count": 325}, {"items": ["JUMBO  BAG BAROQUE BLACK WHITE", "JUMBO BAG PINK POLKADOT"], "support": 0.013654132026647581, "count": 248}, {"items": ["JUMBO  BAG BAROQUE BLACK WHITE", "JUMBO STORAGE BAG SUKI"], "support": 0.013213676154820239, "count": 240}, {"items": ["JUMBO  BAG BAROQUE BLACK WHITE", "JUMBO BAG RED RETROSPOT"], "support": 0.019655343280295105, "count": 357}, {"items": ["JUMBO  BAG BAROQUE BLACK WHITE", "JUMBO SHOPPER VINTAGE RED PAISLEY"], "support": 0.012993448218906568, "count": 236}, {"items": ["JUMBO  BAG BAROQUE BLACK WHITE", "JUMBO BAG STRAWBERRY"], "support": 0.011121510763640367, "count": 202}, {"items": ["PACK OF 72 RETROSPOT CAKE CASES", "60 TEATIME FAIRY CAKE CASES"], "support": 0.017342949953201563, "count": 315}, {"items": ["60 TEATIME FAIRY CAKE CASES", "PACK OF 60 PINK PAISLEY CAKE CASES"], "support": 0.014700214722237516, "count": 267}, {"items": ["JUMBO BAG PINK POLKADOT", "JUMBO BAG PINK VINTAGE PAISLEY"], "support": 0.013819302978582833, "count": 251}, {"items": ["JUMBO STORAGE BAG SUKI", "JUMBO BAG PINK VINTAGE PAISLEY"], "support": 0.010681054891813027, "count": 194}, {"items": ["JUMBO BAG PINK VINTAGE PAISLEY", "JUMBO BAG RED RETROSPOT"], "support": 0.017948576776964157, "count": 326}, {"items": ["JUMBO SHOPPER VINTAGE RED PAISLEY", "JUMBO BAG PINK VINTAGE PAISLEY"], "support": 0.013929416946539668, "count": 253}, {"items": ["JUMBO BAG STRAWBERRY", "JUMBO BAG PINK VINTAGE PAISLEY"], "support": 0.010846225843748279, "count": 197}, {"items": ["JUMBO BAG PINK POLKADOT", "JUMBO BAG PINK VINTAGE PAISLEY", "JUMBO BAG RED RETROSPOT"], "support": 0.010020371084072015, "count": 182}, {"items": ["PACK OF 72 RETROSPOT CAKE CASES", "PACK OF 60 DINOSAUR CAKE CASES"], "support": 0.014149644882453339, "count": 257}, {"items": ["PACK OF 60 DINOSAUR CAKE CASES", "60 TEATIME FAIRY CAKE CASES"], "support": 0.011782194571381379, "count": 214}, {"items": ["PACK OF 60 DINOSAUR CAKE CASES", "PACK OF 60 PINK PAISLEY CAKE CASES"], "support": 0.01062599790783461, "count": 193}, {"items": ["STRAWBERRY CHARLOTTE BAG", "RED RETROSPOT CHARLOTTE BAG"], "support": 0.016076639321697957, "count": 292}, {"items": ["STRAWBERRY CHARLOTTE BAG", "CHARLOTTE BAG SUKI DESIGN"], "support": 0.01271816329901448, "count": 230}, {"items": ["STRAWBERRY CHARLOTTE BAG", "WOODLAND CHARLOTTE BAG"], "support": 0.011672080603424544, "count": 212}, {"items": ["SET/20 RED RETROSPOT PAPER NAPKINS", "SET/6 RED SPOTTY PAPER PLATES"], "support": 0.012167593459230304, "count": 221}, {"items": ["JAM MAKING SET PRINTED", "JAM MAKING SET WITH JARS"], "support": 0.01602158233771954, "count": 291}, {"items": ["JAM MAKING SET PRINTED", "SET OF 3 CAKE TINS PANTRY DESIGN"], "support": 0.01062599790783461, "count": 193}, {"items": ["BAKING SET 9 PIECE RETROSPOT", "RETROSPOT TEA SET CERAMIC 11 PC"], "support": 0.012387821395143973, "count": 225}, {"items": ["JUMBO SHOPPER VINTAGE RED PAISLEY", "JUMBO BAG RED RETROSPOT"], "support": 0.021582337719539723, "count": 392}, {"items": ["JUMBO SHOPPER VINTAGE RED PAISLEY", "JUMBO BAG PINK POLKADOT"], "support": 0.013378847106755493, "count": 243}, {"items": ["LUNCH BAG RED RETROSPOT", "JUMBO SHOPPER VINTAGE RED PAISLEY"], "support": 0.010515883939877773, "count": 191}, {"items": ["JUMBO SHOPPER VINTAGE RED PAISLEY", "JUMBO BAG PINK POLKADOT", "JUMBO BAG RED RETROSPOT"], "support": 0.010295656003964104, "count": 187}, {"items": ["PLEASE ONE PERSON METAL SIGN", "GIN + TONIC DIET METAL SIGN"], "support": 0.012883334250949733, "count": 234}, {"items": ["COOK WITH WINE METAL SIGN", "GIN + TONIC DIET METAL SIGN"], "support": 0.014755271706215933, "count": 268}, {"items": ["COOK WITH WINE METAL SIGN", "HAND OVER THE CHOCOLATE   SIGN"], "support": 0.01436987281836701, "count": 261}, {"items": ["COOK WITH WINE METAL SIGN", "PLEASE ONE PERSON METAL SIGN"], "support": 0.013984473930518087, "count": 254}, {"items": ["NATURAL SLATE HEART CHALKBOARD", "WHITE HANGING HEART T-LIGHT HOLDER"], "support": 0.014424929802345427, "count": 262}, {"items": ["HEART OF WICKER SMALL", "WHITE HANGING HEART T-LIGHT HOLDER"], "support": 0.014314815834388593, "count": 260}, {"items": ["HEART OF WICKER LARGE", "HEART OF WICKER SMALL"], "support": 0.022022793591367065, "count": 400}, {"items": ["HEART OF WICKER LARGE", "WHITE HANGING HEART T-LIGHT HOLDER"], "support": 0.01580135440180587, "count": 287}, {"items": ["LUNCH BAG SPACEBOY DESIGN", "LUNCH BAG DOLLY GIRL DESIGN"], "support": 0.019325001376424598, "count": 350}, {"items": ["LUNCH BAG RED RETROSPOT", "LUNCH BAG DOLLY GIRL DESIGN"], "support": 0.016627209161482134, "count": 302}, {"items": ["LUNCH BAG DOLLY GIRL DESIGN", "LUNCH BAG WOODLAND"], "support": 0.013654132026647581, "count": 248}, {"items": ["LUNCH BAG DOLLY GIRL DESIGN", "LUNCH BAG PINK POLKADOT"], "support": 0.01271816329901448, "count": 230}, {"items": ["LUNCH BAG DOLLY GIRL DESIGN", "LUNCH BAG  BLACK SKULL."], "support": 0.01436987281836701, "count": 261}, {"items": ["LUNCH BAG DOLLY GIRL DESIGN", "LUNCH BAG CARS BLUE"], "support": 0.013158619170841821, "count": 239}, {"items": ["LUNCH BAG DOLLY GIRL DESIGN", "LUNCH BAG SUKI DESIGN"], "support": 0.013984473930518087, "count": 254}, {"items": ["LUNCH BAG DOLLY GIRL DESIGN", "LUNCH BAG APPLE DESIGN"], "support": 0.01106645377966195, "count": 201}, {"items": ["LUNCH BAG SPACEBOY DESIGN", "LUNCH BAG RED RETROSPOT", "LUNCH BAG DOLLY GIRL DESIGN"], "support": 0.01156196663546771, "count": 210}, {"items": ["LUNCH BAG SPACEBOY DESIGN", "LUNCH BAG DOLLY GIRL DESIGN", "LUNCH BAG WOODLAND"], "support": 0.010185542036007267, "count": 185}, {"items": ["LUNCH BAG SPACEBOY DESIGN", "LUNCH BAG DOLLY GIRL DESIGN", "LUNCH BAG  BLACK SKULL."], "support": 0.010020371084072015, "count": 182}, {"items": ["JUMBO BAG RED RETROSPOT", "WHITE HANGING HEART T-LIGHT HOLDER"], "support": 0.01343390409073391, "count": 244}, {"items": ["IVORY DINER WALL CLOCK", "RED DINER WALL CLOCK"], "support": 0.010460826955899356, "count": 190}, {"items": ["PACK OF 72 RETROSPOT CAKE CASES", "SET/20 RED RETROSPOT PAPER NAPKINS"], "support": 0.011121510763640367, "count": 202}, {"items": ["PAPER CHAIN KIT VINTAGE CHRISTMAS", "PAPER CHAIN KIT 50'S CHRISTMAS"], "support": 0.024445300886417443, "count": 444}, {"items": ["RETROSPOT HEART HOT WATER BOTTLE", "SCOTTIE DOG HOT WATER BOTTLE"], "support": 0.011727137587402962, "count": 213}, {"items": ["SET/6 RED SPOTTY PAPER CUPS", "SET/6 RED SPOTTY PAPER PLATES"], "support": 0.012608049331057644, "count": 229}, {"items": ["SET/20 RED RETROSPOT PAPER NAPKINS", "SET/6 RED SPOTTY PAPER CUPS"], "support": 0.010240599019985685, "count": 186}, {"items": ["HAND OVER THE CHOCOLATE   SIGN", "PLEASE ONE PERSON METAL SIGN"], "support": 0.012883334250949733, "count": 234}, {"items": ["HAND OVER THE CHOCOLATE   SIGN", "GIN + TONIC DIET METAL SIGN"], "support": 0.013654132026647581, "count": 248}, {"items": ["HAND WARMER OWL DESIGN", "HAND WARMER SCOTTY DOG DESIGN"], "support": 0.015415955513956945, "count": 280}, {"items": ["HAND WARMER SCOTTY DOG DESIGN", "HAND WARMER BIRD DESIGN"], "support": 0.013213676154820239, "count": 240}, {"items": ["HAND WARMER RED RETROSPOT", "HAND WARMER OWL DESIGN"], "support": 0.010295656003964104, "count": 187}, {"items": ["HAND WARMER OWL DESIGN", "HAND WARMER BIRD DESIGN"], "support": 0.014700214722237516, "count": 267}, {"items": ["ALARM CLOCK BAKELIKE IVORY", "ALARM CLOCK BAKELIKE RED"], "support": 0.01701260804933106, "count": 309}, {"items": ["ALARM CLOCK BAKELIKE GREEN", "ALARM CLOCK BAKELIKE IVORY"], "support": 0.014975499642129604, "count": 272}, {"items": ["ALARM CLOCK BAKELIKE PINK", "ALARM CLOCK BAKELIKE IVORY"], "support": 0.012663106315036062, "count": 230}, {"items": ["ALARM CLOCK BAKELIKE GREEN", "ALARM CLOCK BAKELIKE IVORY", "ALARM CLOCK BAKELIKE RED"], "support": 0.011672080603424544, "count": 212}, {"items": ["ALARM CLOCK BAKELIKE RED", "ALARM CLOCK BAKELIKE ORANGE"], "support": 0.013213676154820239, "count": 240}, {"items": ["ALARM CLOCK BAKELIKE GREEN", "ALARM CLOCK BAKELIKE ORANGE"], "support": 0.011947365523316633, "count": 217}, {"items": ["CHOCOLATE HOT WATER BOTTLE", "HOT WATER BOTTLE KEEP CALM"], "support": 0.013378847106755493, "count": 243}, {"items": ["CHOCOLATE HOT WATER BOTTLE", "SCOTTIE DOG HOT WATER BOTTLE"], "support": 0.012883334250949733, "count": 234}, {"items": ["CHOCOLATE HOT WATER BOTTLE", "HOT WATER BOTTLE I AM SO POORLY"], "support": 0.01530584154600011, "count": 278}, {"items": ["HOT WATER BOTTLE TEA AND SYMPATHY", "HOT WATER BOTTLE I AM SO POORLY"], "support": 0.010185542036007267, "count": 185}, {"items": ["HOT WATER BOTTLE KEEP CALM", "HOT WATER BOTTLE I AM SO POORLY"], "support": 0.010185542036007267, "count": 185}, {"items": ["LUNCH BAG SPACEBOY DESIGN", "LUNCH BAG RED RETROSPOT"], "support": 0.025326212630072124, "count": 460}, {"items": ["LUNCH BAG SPACEBOY DESIGN", "WHITE HANGING HEART T-LIGHT HOLDER"], "support": 0.01013048505202885, "count": 184}, {"items": ["LUNCH BAG SPACEBOY DESIGN", "LUNCH BAG  BLACK SKULL."], "support": 0.022738534383086494, "count": 413}, {"items": ["LUNCH BAG SPACEBOY DESIGN", "JUMBO BAG RED RETROSPOT"], "support": 0.011672080603424544, "count": 212}, {"items": ["LUNCH BAG SPACEBOY DESIGN", "LUNCH BAG RED RETROSPOT", "LUNCH BAG  BLACK SKULL."], "support": 0.013929416946539668, "count": 253}, {"items": ["LUNCH BAG RED RETROSPOT", "LUNCH BAG PINK POLKADOT"], "support": 0.02807906182899301, "count": 510}, {"items": ["LUNCH BAG SPACEBOY DESIGN", "LUNCH BAG PINK POLKADOT"], "support": 0.019985685184165613, "count": 363}, {"items": ["WHITE HANGING HEART T-LIGHT HOLDER", "LUNCH BAG PINK POLKADOT"], "support": 0.01062599790783461, "count": 193}, {"items": ["LUNCH BAG  BLACK SKULL.", "LUNCH BAG PINK POLKADOT"], "support": 0.025050927710180037, "count": 455}, {"items": ["LUNCH BAG CARS BLUE", "LUNCH BAG PINK POLKADOT"], "support": 0.023178990254913837, "count": 421}, {"items": ["JUMBO BAG RED RETROSPOT", "LUNCH BAG PINK POLKADOT"], "support": 0.015030556626108022, "count": 273}, {"items": ["LUNCH BAG SPACEBOY DESIGN", "LUNCH BAG RED RETROSPOT", "LUNCH BAG PINK POLKADOT"], "support": 0.013599075042669162, "count": 247}, {"items": ["LUNCH BAG SPACEBOY DESIGN", "LUNCH BAG  BLACK SKULL.", "LUNCH BAG PINK POLKADOT"], "support": 0.012222650443208721, "count": 222}, {"items": ["LUNCH BAG SPACEBOY DESIGN", "LUNCH BAG CARS BLUE", "LUNCH BAG PINK POLKADOT"], "support": 0.012057479491273468, "count": 219}, {"items": ["LUNCH BAG RED RETROSPOT", "LUNCH BAG  BLACK SKULL.", "LUNCH BAG PINK POLKADOT"], "support": 0.016572152177503716, "count": 301}, {"items": ["LUNCH BAG RED RETROSPOT", "LUNCH BAG CARS BLUE", "LUNCH BAG PINK POLKADOT"], "support": 0.015030556626108022, "count": 273}, {"items": ["LUNCH BAG CARS BLUE", "LUNCH BAG  BLACK SKULL.", "LUNCH BAG PINK POLKADOT"], "support": 0.014149644882453339, "count": 257}, {"items": ["LUNCH BAG RED RETROSPOT", "LUNCH BAG CARS BLUE", "LUNCH BAG  BLACK SKULL.", "LUNCH BAG PINK POLKADOT"], "support": 0.010460826955899356, "count": 190}, {"items": ["JUMBO BAG RED RETROSPOT", "LUNCH BAG RED RETROSPOT", "LUNCH BAG PINK POLKADOT"], "support": 0.01013048505202885, "count": 184}, {"items": ["LUNCH BAG RED RETROSPOT", "LUNCH BAG WOODLAND"], "support": 0.02350933215878434, "count": 427}, {"items": ["LUNCH BAG SPACEBOY DESIGN", "LUNCH BAG WOODLAND"], "support": 0.0221329075593239, "count": 402}, {"items": ["LUNCH BAG WOODLAND", "LUNCH BAG PINK POLKADOT"], "support": 0.017342949953201563, "count": 315}, {"items": ["LUNCH BAG WOODLAND", "LUNCH BAG  BLACK SKULL."], "support": 0.01888454550459726, "count": 343}, {"items": ["LUNCH BAG CARS BLUE", "LUNCH BAG WOODLAND"], "support": 0.019435115344381436, "count": 353}, {"items": ["LUNCH BAG WOODLAND", "LUNCH BAG SUKI DESIGN"], "support": 0.01673732312943897, "count": 304}, {"items": ["LUNCH BAG WOODLAND", "LUNCH BAG APPLE DESIGN"], "support": 0.01618675328965479, "count": 294}, {"items": ["LUNCH BAG SPACEBOY DESIGN", "LUNCH BAG RED RETROSPOT", "LUNCH BAG WOODLAND"], "support": 0.014039530914496504, "count": 255}, {"items": ["LUNCH BAG RED RETROSPOT", "LUNCH BAG WOODLAND", "LUNCH BAG PINK POLKADOT"], "support": 0.012883334250949733, "count": 234}, {"items": ["LUNCH BAG SPACEBOY DESIGN", "LUNCH BAG WOODLAND", "LUNCH BAG PINK POLKADOT"], "support": 0.010901282827726698, "count": 198}, {"items": ["LUNCH BAG WOODLAND", "LUNCH BAG  BLACK SKULL.", "LUNCH BAG PINK POLKADOT"], "support": 0.010736111875791444, "count": 195}, {"items": ["LUNCH BAG CARS BLUE", "LUNCH BAG WOODLAND", "LUNCH BAG PINK POLKADOT"], "support": 0.01062599790783461, "count": 193}, {"items": ["LUNCH BAG CARS BLUE", "LUNCH BAG WOODLAND", "LUNCH BAG  BLACK SKULL."], "support": 0.01057094092385619, "count": 191}, {"items": ["LUNCH BAG RED RETROSPOT", "LUNCH BAG WOODLAND", "LUNCH BAG  BLACK SKULL."], "support": 0.012442878379122392, "count": 226}, {"items": ["LUNCH BAG SPACEBOY DESIGN", "LUNCH BAG WOODLAND", "LUNCH BAG  BLACK SKULL."], "support": 0.011396795683532456, "count": 207}, {"items": ["LUNCH BAG RED RETROSPOT", "LUNCH BAG CARS BLUE", "LUNCH BAG WOODLAND"], "support": 0.012387821395143973, "count": 225}, {"items": ["LUNCH BAG SPACEBOY DESIGN", "LUNCH BAG CARS BLUE", "LUNCH BAG WOODLAND"], "support": 0.011451852667510873, "count": 208}, {"items": ["LUNCH BAG WOODLAND", "LUNCH BAG  BLACK SKULL.", "LUNCH BAG SUKI DESIGN"], "support": 0.01013048505202885, "count": 184}, {"items": ["LUNCH BAG RED RETROSPOT", "LUNCH BAG WOODLAND", "LUNCH BAG SUKI DESIGN"], "support": 0.012112536475251885, "count": 219}, {"items": ["LUNCH BAG RED RETROSPOT", "LUNCH BAG WOODLAND", "LUNCH BAG APPLE DESIGN"], "support": 0.010460826955899356, "count": 190}, {"items": ["CANDLEHOLDER PINK HANGING HEART", "WHITE HANGING HEART T-LIGHT HOLDER"], "support": 0.013268733138798656, "count": 241}, {"items": ["BATHROOM METAL SIGN", "TOILET METAL SIGN"], "support": 0.012222650443208721, "count": 222}, {"items": ["LUNCH BAG RED RETROSPOT", "LUNCH BAG  BLACK SKULL."], "support": 0.027968947861036174, "count": 508}, {"items": ["LUNCH BAG  BLACK SKULL.", "JUMBO BAG RED RETROSPOT"], "support": 0.014755271706215933, "count": 268}, {"items": ["LUNCH BAG  BLACK SKULL.", "WHITE HANGING HEART T-LIGHT HOLDER"], "support": 0.01013048505202885, "count": 184}, {"items": ["LUNCH BAG CARS BLUE", "LUNCH BAG  BLACK SKULL."], "support": 0.022958762319000164, "count": 417}, {"items": ["LUNCH BAG RED RETROSPOT", "LUNCH BAG CARS BLUE"], "support": 0.02472058580630953, "count": 449}, {"items": ["LUNCH BAG SPACEBOY DESIGN", "LUNCH BAG CARS BLUE"], "support": 0.02125199581566922, "count": 386}, {"items": ["LUNCH BAG CARS BLUE", "WHITE HANGING HEART T-LIGHT HOLDER"], "support": 0.010075428068050432, "count": 183}, {"items": ["LUNCH BAG CARS BLUE", "JUMBO BAG RED RETROSPOT"], "support": 0.01387435996256125, "count": 252}, {"items": ["LUNCH BAG RED RETROSPOT", "LUNCH BAG CARS BLUE", "LUNCH BAG  BLACK SKULL."], "support": 0.014204701866431756, "count": 258}, {"items": ["LUNCH BAG SPACEBOY DESIGN", "LUNCH BAG RED RETROSPOT", "LUNCH BAG CARS BLUE"], "support": 0.012663106315036062, "count": 230}, {"items": ["LUNCH BAG SPACEBOY DESIGN", "LUNCH BAG CARS BLUE", "LUNCH BAG  BLACK SKULL."], "support": 0.012112536475251885, "count": 219}, {"items": ["PACK OF 72 RETROSPOT CAKE CASES", "PACK OF 72 SKULL CAKE CASES"], "support": 0.01343390409073391, "count": 244}, {"items": ["PACK OF 60 DINOSAUR CAKE CASES", "PACK OF 72 SKULL CAKE CASES"], "support": 0.010240599019985685, "count": 186}, {"items": ["SET OF 3 BUTTERFLY COOKIE CUTTERS", "SET OF 3 HEART COOKIE CUTTERS"], "support": 0.013103562186863404, "count": 238}, {"items": ["PACK OF 72 RETROSPOT CAKE CASES", "72 SWEETHEART FAIRY CAKE CASES"], "support": 0.011782194571381379, "count": 214}, {"items": ["PACK OF 60 DINOSAUR CAKE CASES", "72 SWEETHEART FAIRY CAKE CASES"], "support": 0.01013048505202885, "count": 184}, {"items": ["72 SWEETHEART FAIRY CAKE CASES", "60 TEATIME FAIRY CAKE CASES"], "support": 0.011617023619446127, "count": 211}, {"items": ["PACK OF 72 RETROSPOT CAKE CASES", "PACK OF 60 SPACEBOY CAKE CASES"], "support": 0.011396795683532456, "count": 207}, {"items": ["BLUE HARMONICA IN BOX", "RED  HARMONICA IN BOX"], "support": 0.014535043770302262, "count": 264}, {"items": ["JUMBO BAG STRAWBERRY", "JUMBO BAG RED RETROSPOT"], "support": 0.02240819247921599, "count": 407}, {"items": ["JUMBO BAG STRAWBERRY", "JUMBO STORAGE BAG SUKI"], "support": 0.011782194571381379, "count": 214}, {"items": ["JUMBO BAG STRAWBERRY", "JUMBO BAG PINK POLKADOT"], "support": 0.016076639321697957, "count": 292}, {"items": ["JUMBO BAG STRAWBERRY", "JUMBO BAG PINK POLKADOT", "JUMBO BAG RED RETROSPOT"], "support": 0.01271816329901448, "count": 230}, {"items": ["JUMBO BAG OWLS", "JUMBO BAG RED RETROSPOT"], "support": 0.011011396795683533, "count": 200}, {"items": ["DOLLY GIRL LUNCH BOX", "SPACEBOY LUNCH BOX"], "support": 0.02262842041512966, "count": 411}, {"items": ["ROUND SNACK BOXES SET OF4 WOODLAND", "ROUND SNACK BOXES SET OF 4 FRUITS"], "support": 0.014314815834388593, "count": 260}, {"items": ["CHRISTMAS CRAFT LITTLE FRIENDS", "CHRISTMAS CRAFT TREE TOP ANGEL"], "support": 0.010681054891813027, "count": 194}, {"items": ["FELTCRAFT CUSHION OWL", "FELTCRAFT CUSHION RABBIT"], "support": 0.010791168859769861, "count": 196}, {"items": ["FELTCRAFT CUSHION BUTTERFLY", "FELTCRAFT CUSHION RABBIT"], "support": 0.010681054891813027, "count": 194}, {"items": ["PLASTERS IN TIN SPACEBOY", "PLASTERS IN TIN WOODLAND ANIMALS"], "support": 0.015911468369762705, "count": 289}, {"items": ["PLASTERS IN TIN VINTAGE PAISLEY", "PLASTERS IN TIN WOODLAND ANIMALS"], "support": 0.01057094092385619, "count": 191}, {"items": ["FELTCRAFT PRINCESS LOLA DOLL", "FELTCRAFT PRINCESS CHARLOTTE DOLL"], "support": 0.012608049331057644, "count": 229}, {"items": ["PACK OF 72 RETROSPOT CAKE CASES", "60 CAKE CASES DOLLY GIRL DESIGN"], "support": 0.010075428068050432, "count": 183}, {"items": ["CHRISTMAS CRAFT WHITE FAIRY", "CHRISTMAS CRAFT LITTLE FRIENDS"], "support": 0.01106645377966195, "count": 201}, {"items": ["REGENCY CAKESTAND 3 TIER", "WHITE HANGING HEART T-LIGHT HOLDER"], "support": 0.012442878379122392, "count": 226}, {"items": ["JUMBO BAG RED RETROSPOT", "JUMBO STORAGE BAG SKULLS"], "support": 0.013599075042669162, "count": 247}, {"items": ["JUMBO BAG PINK POLKADOT", "JUMBO STORAGE BAG SKULLS"], "support": 0.011396795683532456, "count": 207}, {"items": ["JUMBO STORAGE BAG SUKI", "JUMBO STORAGE BAG SKULLS"], "support": 0.010791168859769861, "count": 196}, {"items": ["LUNCH BAG  BLACK SKULL.", "JUMBO STORAGE BAG SKULLS"], "support": 0.010185542036007267, "count": 185}, {"items": ["REGENCY CAKESTAND 3 TIER", "ROSES REGENCY TEACUP AND SAUCER"], "support": 0.021307052799647636, "count": 387}, {"items": ["GREEN REGENCY TEACUP AND SAUCER", "ROSES REGENCY TEACUP AND SAUCER"], "support": 0.027858833893079336, "count": 506}, {"items": ["GREEN REGENCY TEACUP AND SAUCER", "REGENCY CAKESTAND 3 TIER"], "support": 0.019159830424489346, "count": 348}, {"items": ["GREEN REGENCY TEACUP AND SAUCER", "REGENCY CAKESTAND 3 TIER", "ROSES REGENCY TEACUP AND SAUCER"], "support": 0.015746297417827453, "count": 286}, {"items": ["IVORY KITCHEN SCALES", "RED KITCHEN SCALES"], "support": 0.01343390409073391, "count": 244}, {"items": ["JUMBO BAG WOODLAND ANIMALS", "JUMBO BAG RED RETROSPOT"], "support": 0.014314815834388593, "count": 260}, {"items": ["JUMBO BAG PINK POLKADOT", "JUMBO BAG WOODLAND ANIMALS"], "support": 0.010846225843748279, "count": 197}, {"items": ["SET OF 3 CAKE TINS PANTRY DESIGN", "RECIPE BOX PANTRY YELLOW DESIGN"], "support": 0.013984473930518087, "count": 254}, {"items": ["PLASTERS IN TIN CIRCUS PARADE", "PLASTERS IN TIN WOODLAND ANIMALS"], "support": 0.013764245994604416, "count": 250}, {"items": ["PLASTERS IN TIN SPACEBOY", "PLASTERS IN TIN CIRCUS PARADE"], "support": 0.013213676154820239, "count": 240}, {"items": ["PLASTERS IN TIN STRONGMAN", "PLASTERS IN TIN CIRCUS PARADE"], "support": 0.011617023619446127, "count": 211}, {"items": ["PLASTERS IN TIN STRONGMAN", "PLASTERS IN TIN WOODLAND ANIMALS"], "support": 0.010736111875791444, "count": 195}, {"items": ["PLASTERS IN TIN SPACEBOY", "PLASTERS IN TIN STRONGMAN"], "support": 0.010350712987942521, "count": 188}, {"items": ["RECIPE BOX RETROSPOT", "RECIPE BOX PANTRY YELLOW DESIGN"], "support": 0.01106645377966195, "count": 201}, {"items": ["SWEETHEART CERAMIC TRINKET BOX", "STRAWBERRY CERAMIC TRINKET BOX"], "support": 0.011176567747618785, "count": 203}, {"items": ["RED STRIPE CERAMIC DRAWER KNOB", "BLUE STRIPE CERAMIC DRAWER KNOB"], "support": 0.011286681715575621, "count": 205}, {"items": ["WOODEN TREE CHRISTMAS SCANDINAVIAN", "WOODEN STAR CHRISTMAS SCANDINAVIAN"], "support": 0.011892308539338215, "count": 216}, {"items": ["WOODEN TREE CHRISTMAS SCANDINAVIAN", "WOODEN HEART CHRISTMAS SCANDINAVIAN"], "support": 0.010515883939877773, "count": 191}, {"items": ["WOODEN HEART CHRISTMAS SCANDINAVIAN", "WOODEN STAR CHRISTMAS SCANDINAVIAN"], "support": 0.01701260804933106, "count": 309}, {"items": ["PINK BLUE FELT CRAFT TRINKET BOX", "PINK CREAM FELT CRAFT TRINKET BOX"], "support": 0.012828277266971316, "count": 233}, {"items": ["ALARM CLOCK BAKELIKE GREEN", "ALARM CLOCK BAKELIKE CHOCOLATE"], "support": 0.011396795683532456, "count": 207}, {"items": ["ALARM CLOCK BAKELIKE CHOCOLATE", "ALARM CLOCK BAKELIKE RED"], "support": 0.01200242250729505, "count": 218}, {"items": ["RED RETROSPOT CHARLOTTE BAG", "CHARLOTTE BAG SUKI DESIGN"], "support": 0.01629686725761163, "count": 296}, {"items": ["LUNCH BAG RED RETROSPOT", "CHARLOTTE BAG SUKI DESIGN"], "support": 0.010460826955899356, "count": 190}, {"items": ["PAINTED METAL PEARS ASSORTED", "ASSORTED COLOUR BIRD ORNAMENT"], "support": 0.013654132026647581, "count": 248}, {"items": ["BAKING SET SPACEBOY DESIGN", "BAKING SET 9 PIECE RETROSPOT"], "support": 0.01646203820954688, "count": 299}, {"items": ["PINK HAPPY BIRTHDAY BUNTING", "BLUE HAPPY BIRTHDAY BUNTING"], "support": 0.01343390409073391, "count": 244}, {"items": ["JUMBO BAG SPACEBOY DESIGN", "JUMBO BAG RED RETROSPOT"], "support": 0.014479986786323845, "count": 263}, {"items": ["JUMBO BAG SPACEBOY DESIGN", "JUMBO STORAGE BAG SUKI"], "support": 0.010846225843748279, "count": 197}, {"items": ["JUMBO BAG SPACEBOY DESIGN", "JUMBO BAG PINK POLKADOT"], "support": 0.01106645377966195, "count": 201}, {"items": ["POPPY'S PLAYHOUSE BEDROOM", "POPPY'S PLAYHOUSE LIVINGROOM"], "support": 0.010901282827726698, "count": 198}, {"items": ["POPPY'S PLAYHOUSE KITCHEN", "POPPY'S PLAYHOUSE LIVINGROOM"], "support": 0.011451852667510873, "count": 208}, {"items": ["LUNCH BAG RED RETROSPOT", "RED RETROSPOT CHARLOTTE BAG"], "support": 0.012993448218906568, "count": 236}, {"items": ["RED RETROSPOT CHARLOTTE BAG", "LUNCH BAG  BLACK SKULL."], "support": 0.010956339811705115, "count": 199}, {"items": ["RED RETROSPOT CHARLOTTE BAG", "JUMBO BAG RED RETROSPOT"], "support": 0.015140670594064857, "count": 275}, {"items": ["RED RETROSPOT CHARLOTTE BAG", "CHARLOTTE BAG PINK POLKADOT"], "support": 0.017618234873093653, "count": 320}, {"items": ["CHARLOTTE BAG PINK POLKADOT", "CHARLOTTE BAG SUKI DESIGN"], "support": 0.012387821395143973, "count": 225}, {"items": ["STRAWBERRY CHARLOTTE BAG", "CHARLOTTE BAG PINK POLKADOT"], "support": 0.011396795683532456, "count": 207}, {"items": ["WOODLAND CHARLOTTE BAG", "CHARLOTTE BAG PINK POLKADOT"], "support": 0.01062599790783461, "count": 193}, {"items": ["WOODLAND CHARLOTTE BAG", "RED RETROSPOT CHARLOTTE BAG"], "support": 0.015746297417827453, "count": 286}, {"items": ["WOODLAND CHARLOTTE BAG", "CHARLOTTE BAG SUKI DESIGN"], "support": 0.013158619170841821, "count": 239}, {"items": ["PINK VINTAGE PAISLEY PICNIC BAG", "SCANDINAVIAN PAISLEY PICNIC BAG"], "support": 0.010681054891813027, "count": 194}, {"items": ["REGENCY CAKESTAND 3 TIER", "PARTY BUNTING"], "support": 0.012167593459230304, "count": 221}, {"items": ["PARTY BUNTING", "ASSORTED COLOUR BIRD ORNAMENT"], "support": 0.010405769971920938, "count": 189}, {"items": ["PARTY BUNTING", "WHITE HANGING HEART T-LIGHT HOLDER"], "support": 0.015030556626108022, "count": 273}, {"items": ["SMALL MARSHMALLOWS PINK BOWL", "SMALL DOLLY MIX DESIGN ORANGE BOWL"], "support": 0.012222650443208721, "count": 222}, {"items": ["GREEN REGENCY TEACUP AND SAUCER", "PINK REGENCY TEACUP AND SAUCER"], "support": 0.02378461707867643, "count": 432}, {"items": ["REGENCY CAKESTAND 3 TIER", "PINK REGENCY TEACUP AND SAUCER"], "support": 0.01580135440180587, "count": 287}, {"items": ["PINK REGENCY TEACUP AND SAUCER", "ROSES REGENCY TEACUP AND SAUCER"], "support": 0.02240819247921599, "count": 407}, {"items": ["GREEN REGENCY TEACUP AND SAUCER", "REGENCY CAKESTAND 3 TIER", "PINK REGENCY TEACUP AND SAUCER"], "support": 0.013764245994604416, "count": 250}, {"items": ["REGENCY CAKESTAND 3 TIER", "PINK REGENCY TEACUP AND SAUCER", "ROSES REGENCY TEACUP AND SAUCER"], "support": 0.013378847106755493, "count": 243}, {"items": ["GREEN REGENCY TEACUP AND SAUCER", "REGENCY CAKESTAND 3 TIER", "PINK REGENCY TEACUP AND SAUCER", "ROSES REGENCY TEACUP AND SAUCER"], "support": 0.01200242250729505, "count": 218}, {"items": ["GREEN REGENCY TEACUP AND SAUCER", "PINK REGENCY TEACUP AND SAUCER", "ROSES REGENCY TEACUP AND SAUCER"], "support": 0.019985685184165613, "count": 363}, {"items": ["SET OF 3 CAKE TINS PANTRY DESIGN", "WHITE HANGING HEART T-LIGHT HOLDER"], "support": 0.010460826955899356, "count": 190}, {"items": ["REGENCY CAKESTAND 3 TIER", "SET OF 3 CAKE TINS PANTRY DESIGN"], "support": 0.011231624731597204, "count": 204}, {"items": ["SET OF 3 CAKE TINS PANTRY DESIGN", "SET OF 6 SPICE TINS PANTRY DESIGN"], "support": 0.01602158233771954, "count": 291}, {"items": ["SET OF 4 PANTRY JELLY MOULDS", "SET OF 3 CAKE TINS PANTRY DESIGN"], "support": 0.010515883939877773, "count": 191}, {"items": ["LUNCH BAG RED RETROSPOT", "LUNCH BAG SUKI DESIGN"], "support": 0.024665528822331112, "count": 448}, {"items": ["LUNCH BAG CARS BLUE", "LUNCH BAG SUKI DESIGN"], "support": 0.02125199581566922, "count": 386}, {"items": ["LUNCH BAG SPACEBOY DESIGN", "LUNCH BAG SUKI DESIGN"], "support": 0.020701425975885042, "count": 376}, {"items": ["LUNCH BAG SUKI DESIGN", "LUNCH BAG PINK POLKADOT"], "support": 0.019600286296316688, "count": 356}, {"items": ["LUNCH BAG SUKI DESIGN", "LUNCH BAG  BLACK SKULL."], "support": 0.02235313549523757, "count": 406}, {"items": ["LUNCH BAG SUKI DESIGN", "JUMBO BAG RED RETROSPOT"], "support": 0.012773220282992898, "count": 232}, {"items": ["LUNCH BAG RED RETROSPOT", "LUNCH BAG CARS BLUE", "LUNCH BAG SUKI DESIGN"], "support": 0.01293839123492815, "count": 235}, {"items": ["LUNCH BAG CARS BLUE", "LUNCH BAG SUKI DESIGN", "LUNCH BAG  BLACK SKULL."], "support": 0.012167593459230304, "count": 221}, {"items": ["LUNCH BAG SPACEBOY DESIGN", "LUNCH BAG RED RETROSPOT", "LUNCH BAG SUKI DESIGN"], "support": 0.012552992347079227, "count": 228}, {"items": ["LUNCH BAG SPACEBOY DESIGN", "LUNCH BAG CARS BLUE", "LUNCH BAG SUKI DESIGN"], "support": 0.011176567747618785, "count": 203}, {"items": ["LUNCH BAG SPACEBOY DESIGN", "LUNCH BAG SUKI DESIGN", "LUNCH BAG  BLACK SKULL."], "support": 0.011947365523316633, "count": 217}, {"items": ["LUNCH BAG RED RETROSPOT", "LUNCH BAG SUKI DESIGN", "LUNCH BAG PINK POLKADOT"], "support": 0.013764245994604416, "count": 250}, {"items": ["LUNCH BAG CARS BLUE", "LUNCH BAG SUKI DESIGN", "LUNCH BAG PINK POLKADOT"], "support": 0.011231624731597204, "count": 204}, {"items": ["LUNCH BAG SUKI DESIGN", "LUNCH BAG  BLACK SKULL.", "LUNCH BAG PINK POLKADOT"], "support": 0.012112536475251885, "count": 219}, {"items": ["LUNCH BAG RED RETROSPOT", "LUNCH BAG SUKI DESIGN", "LUNCH BAG  BLACK SKULL."], "support": 0.013764245994604416, "count": 250}, {"items": ["JUMBO BAG SCANDINAVIAN BLUE PAISLEY", "JUMBO BAG RED RETROSPOT"], "support": 0.014479986786323845, "count": 263}, {"items": ["JUMBO BAG SCANDINAVIAN BLUE PAISLEY", "JUMBO BAG PINK VINTAGE PAISLEY"], "support": 0.012993448218906568, "count": 236}, {"items": ["JUMBO BAG SCANDINAVIAN BLUE PAISLEY", "JUMBO BAG PINK POLKADOT"], "support": 0.010295656003964104, "count": 187}, {"items": ["JUMBO SHOPPER VINTAGE RED PAISLEY", "JUMBO BAG SCANDINAVIAN BLUE PAISLEY"], "support": 0.010846225843748279, "count": 197}, {"items": ["CHILDRENS CUTLERY DOLLY GIRL", "CHILDRENS CUTLERY SPACEBOY"], "support": 0.011231624731597204, "count": 204}, {"items": ["LUNCH BAG RED RETROSPOT", "LUNCH BAG APPLE DESIGN"], "support": 0.02114188184771238, "count": 383}, {"items": ["LUNCH BAG CARS BLUE", "LUNCH BAG APPLE DESIGN"], "support": 0.015636183449870614, "count": 283}, {"items": ["LUNCH BAG APPLE DESIGN", "LUNCH BAG SUKI DESIGN"], "support": 0.019600286296316688, "count": 356}, {"items": ["LUNCH BAG SPACEBOY DESIGN", "LUNCH BAG APPLE DESIGN"], "support": 0.016847437097395803, "count": 305}, {"items": ["LUNCH BAG APPLE DESIGN", "JUMBO BAG RED RETROSPOT"], "support": 0.012112536475251885, "count": 219}, {"items": ["LUNCH BAG APPLE DESIGN", "LUNCH BAG  BLACK SKULL."], "support": 0.01739800693717998, "count": 316}, {"items": ["LUNCH BAG APPLE DESIGN", "LUNCH BAG PINK POLKADOT"], "support": 0.01580135440180587, "count": 287}, {"items": ["LUNCH BAG RED RETROSPOT", "LUNCH BAG APPLE DESIGN", "LUNCH BAG SUKI DESIGN"], "support": 0.011892308539338215, "count": 216}, {"items": ["LUNCH BAG SPACEBOY DESIGN", "LUNCH BAG RED RETROSPOT", "LUNCH BAG APPLE DESIGN"], "support": 0.01062599790783461, "count": 193}, {"items": ["LUNCH BAG SPACEBOY DESIGN", "LUNCH BAG APPLE DESIGN", "LUNCH BAG SUKI DESIGN"], "support": 0.010020371084072015, "count": 182}, {"items": ["LUNCH BAG RED RETROSPOT", "LUNCH BAG APPLE DESIGN", "LUNCH BAG  BLACK SKULL."], "support": 0.01106645377966195, "count": 201}, {"items": ["LUNCH BAG APPLE DESIGN", "LUNCH BAG  BLACK SKULL.", "LUNCH BAG SUKI DESIGN"], "support": 0.010956339811705115, "count": 199}, {"items": ["LUNCH BAG RED RETROSPOT", "LUNCH BAG APPLE DESIGN", "LUNCH BAG PINK POLKADOT"], "support": 0.010515883939877773, "count": 191}, {"items": ["JUMBO STORAGE BAG SUKI", "JUMBO BAG ALPHABET"], "support": 0.010405769971920938, "count": 189}, {"items": ["JUMBO BAG ALPHABET", "JUMBO BAG RED RETROSPOT"], "support": 0.016131696305676374, "count": 293}, {"items": ["JUMBO BAG PINK POLKADOT", "JUMBO BAG ALPHABET"], "support": 0.010791168859769861, "count": 196}, {"items": ["JUMBO BAG VINTAGE LEAF", "JUMBO BAG ALPHABET"], "support": 0.013709189010625998, "count": 249}, {"items": ["JUMBO BAG APPLES", "LUNCH BAG APPLE DESIGN"], "support": 0.016076639321697957, "count": 292}, {"items": ["JUMBO BAG APPLES", "JUMBO BAG ALPHABET"], "support": 0.01481032869019435, "count": 269}, {"items": ["LUNCH BAG RED RETROSPOT", "JUMBO BAG APPLES"], "support": 0.010791168859769861, "count": 196}, {"items": ["JUMBO STORAGE BAG SUKI", "JUMBO BAG APPLES"], "support": 0.01057094092385619, "count": 191}, {"items": ["JUMBO BAG APPLES", "JUMBO BAG RED RETROSPOT"], "support": 0.01904971645653251, "count": 346}, {"items": ["JUMBO BAG PINK POLKADOT", "JUMBO BAG APPLES"], "support": 0.012167593459230304, "count": 221}, {"items": ["JUMBO BAG VINTAGE LEAF", "JUMBO BAG APPLES"], "support": 0.015195727578043276, "count": 276}, {"items": ["LUNCH BAG APPLE DESIGN", "LUNCH BAG ALPHABET DESIGN"], "support": 0.016572152177503716, "count": 301}, {"items": ["LUNCH BAG RED RETROSPOT", "LUNCH BAG ALPHABET DESIGN"], "support": 0.013984473930518087, "count": 254}, {"items": ["LUNCH BAG CARS BLUE", "LUNCH BAG ALPHABET DESIGN"], "support": 0.01249793536310081, "count": 227}, {"items": ["JUMBO BAG ALPHABET", "LUNCH BAG ALPHABET DESIGN"], "support": 0.012442878379122392, "count": 226}, {"items": ["LUNCH BAG SUKI DESIGN", "LUNCH BAG ALPHABET DESIGN"], "support": 0.013929416946539668, "count": 253}, {"items": ["LUNCH BAG SPACEBOY DESIGN", "LUNCH BAG ALPHABET DESIGN"], "support": 0.013323790122777074, "count": 242}, {"items": ["LUNCH BAG ALPHABET DESIGN", "LUNCH BAG  BLACK SKULL."], "support": 0.013213676154820239, "count": 240}, {"items": ["LUNCH BAG ALPHABET DESIGN", "LUNCH BAG PINK POLKADOT"], "support": 0.012167593459230304, "count": 221}, {"items": ["LUNCH BAG WOODLAND", "LUNCH BAG ALPHABET DESIGN"], "support": 0.010846225843748279, "count": 197}, {"items": ["CHARLOTTE BAG APPLES DESIGN", "LUNCH BAG APPLE DESIGN"], "support": 0.010020371084072015, "count": 182}, {"items": ["RED RETROSPOT CHARLOTTE BAG", "CHARLOTTE BAG APPLES DESIGN"], "support": 0.01156196663546771, "count": 210}, {"items": ["LUNCH BAG VINTAGE LEAF DESIGN", "LUNCH BAG ALPHABET DESIGN"], "support": 0.013213676154820239, "count": 240}, {"items": ["LUNCH BAG VINTAGE LEAF DESIGN", "LUNCH BAG APPLE DESIGN"], "support": 0.016572152177503716, "count": 301}, {"items": ["LUNCH BAG RED RETROSPOT", "LUNCH BAG VINTAGE LEAF DESIGN"], "support": 0.014424929802345427, "count": 262}, {"items": ["LUNCH BAG VINTAGE LEAF DESIGN", "LUNCH BAG SUKI DESIGN"], "support": 0.01387435996256125, "count": 252}, {"items": ["LUNCH BAG SPACEBOY DESIGN", "LUNCH BAG VINTAGE LEAF DESIGN"], "support": 0.012332764411165556, "count": 224}, {"items": ["LUNCH BAG VINTAGE LEAF DESIGN", "LUNCH BAG  BLACK SKULL."], "support": 0.013378847106755493, "count": 243}, {"items": ["LUNCH BAG CARS BLUE", "LUNCH BAG VINTAGE LEAF DESIGN"], "support": 0.011011396795683533, "count": 200}, {"items": ["LUNCH BAG VINTAGE LEAF DESIGN", "LUNCH BAG PINK POLKADOT"], "support": 0.010791168859769861, "count": 196}, {"items": ["LUNCH BAG WOODLAND", "LUNCH BAG VINTAGE LEAF DESIGN"], "support": 0.010350712987942521, "count": 188}, {"items": ["JUMBO BAG VINTAGE LEAF", "LUNCH BAG VINTAGE LEAF DESIGN"], "support": 0.011121510763640367, "count": 202}, {"items": ["SPOTTY BUNTING", "PARTY BUNTING"], "support": 0.02092165391179871, "count": 380}, {"items": ["LUNCH BAG DOILEY PATTERN", "LUNCH BAG APPLE DESIGN"], "support": 0.01057094092385619, "count": 191}, {"items": ["JUMBO BAG APPLES", "JUMBO BAG PEARS"], "support": 0.01695755106535264, "count": 308}, {"items": ["JUMBO BAG VINTAGE LEAF", "JUMBO BAG PEARS"], "support": 0.013048505202884987, "count": 237}, {"items": ["JUMBO BAG RED RETROSPOT", "JUMBO BAG PEARS"], "support": 0.011121510763640367, "count": 202}, {"items": ["JUMBO BAG DOILEY PATTERNS", "LUNCH BAG DOILEY PATTERN"], "support": 0.011672080603424544, "count": 212}, {"items": ["JUMBO BAG VINTAGE LEAF", "JUMBO BAG DOILEY PATTERNS"], "support": 0.010736111875791444, "count": 195}, {"items": ["JUMBO BAG VINTAGE LEAF", "JUMBO BAG RED RETROSPOT"], "support": 0.018719374552662007, "count": 340}, {"items": ["JUMBO BAG VINTAGE LEAF", "JUMBO STORAGE BAG SUKI"], "support": 0.010956339811705115, "count": 199}, {"items": ["JUMBO BAG VINTAGE LEAF", "JUMBO BAG PINK POLKADOT"], "support": 0.010791168859769861, "count": 196}, {"items": ["JUMBO BAG VINTAGE LEAF", "JUMBO SHOPPER VINTAGE RED PAISLEY"], "support": 0.011341738699554038, "count": 206}, {"items": ["JUMBO BAG VINTAGE LEAF", "LUNCH BAG RED RETROSPOT"], "support": 0.010020371084072015, "count": 182}, {"items": ["REGENCY TEA PLATE ROSES", "REGENCY TEA PLATE GREEN"], "support": 0.011396795683532456, "count": 207}, {"items": ["REGENCY SUGAR BOWL GREEN", "REGENCY MILK JUG PINK"], "support": 0.01013048505202885, "count": 184}, {"items": ["GARDENERS KNEELING PAD CUP OF TEA", "GARDENERS KNEELING PAD KEEP CALM"], "support": 0.02538126961405054, "count": 461}, {"items": ["SET OF 3 CAKE TINS PANTRY DESIGN", "SET OF TEA COFFEE SUGAR TINS PANTRY"], "support": 0.011176567747618785, "count": 203}, {"items": ["REGENCY CAKESTAND 3 TIER", "SET OF 3 REGENCY CAKE TINS"], "support": 0.012552992347079227, "count": 228}, {"items": ["SMALL WHITE HEART OF WICKER", "HEART OF WICKER SMALL"], "support": 0.01106645377966195, "count": 201}, {"items": ["LARGE WHITE HEART OF WICKER", "SMALL WHITE HEART OF WICKER"], "support": 0.015415955513956945, "count": 280}, {"items": ["LARGE WHITE HEART OF WICKER", "HEART OF WICKER LARGE"], "support": 0.01057094092385619, "count": 191}, {"items": ["JUMBO BAG VINTAGE CHRISTMAS", "JUMBO BAG 50'S CHRISTMAS"], "support": 0.013323790122777074, "count": 242}, {"items": ["SET OF 12 MINI LOAF BAKING CASES", "SET OF 12 FAIRY CAKE BAKING CASES"], "support": 0.013268733138798656, "count": 241}, {"items": ["SET OF 6 TEA TIME BAKING CASES", "SET OF 12 FAIRY CAKE BAKING CASES"], "support": 0.011451852667510873, "count": 208}, {"items": ["SET OF 6 TEA TIME BAKING CASES", "SET OF 12 MINI LOAF BAKING CASES"], "support": 0.010240599019985685, "count": 186}, {"items": ["SET OF 6 SNACK LOAF BAKING CASES", "SET OF 12 FAIRY CAKE BAKING CASES"], "support": 0.01057094092385619, "count": 191}, {"items": ["SET OF 12 MINI LOAF BAKING CASES", "SET OF 6 SNACK LOAF BAKING CASES"], "support": 0.010350712987942521, "count": 188}, {"items": ["JUMBO BAG VINTAGE DOILY", "JUMBO BAG RED RETROSPOT"], "support": 0.015691240433849035, "count": 285}, {"items": ["JUMBO BAG VINTAGE LEAF", "JUMBO BAG VINTAGE DOILY"], "support": 0.012112536475251885, "count": 219}, {"items": ["LUNCH BAG RED RETROSPOT", "LUNCH BAG VINTAGE DOILY"], "support": 0.013323790122777074, "count": 242}, {"items": ["LUNCH BAG VINTAGE DOILY", "JUMBO BAG VINTAGE DOILY"], "support": 0.012167593459230304, "count": 221}, {"items": ["LUNCH BAG VINTAGE DOILY", "LUNCH BAG  BLACK SKULL."], "support": 0.010901282827726698, "count": 198}, {"items": ["LUNCH BAG VINTAGE DOILY", "LUNCH BAG SUKI DESIGN"], "support": 0.010350712987942521, "count": 188}, {"items": ["LUNCH BAG SPACEBOY DESIGN", "LUNCH BAG VINTAGE DOILY"], "support": 0.010350712987942521, "count": 188}, {"items": ["LUNCH BAG VINTAGE DOILY", "LUNCH BAG APPLE DESIGN"], "support": 0.01013048505202885, "count": 184}, {"items": ["LOVE HOT WATER BOTTLE", "HOT WATER BOTTLE KEEP CALM"], "support": 0.011782194571381379, "count": 214}, {"items": ["HAND WARMER RED LOVE HEART", "HAND WARMER OWL DESIGN"], "support": 0.01106645377966195, "count": 201}]