{"total_transactions": 18163, "total_customers": 4297, "total_itemsets": 968, "total_rules": 31019, "total_clusters": 3, "top_items": [{"name": "WHITE HANGING HEART T-LIGHT HOLDER", "count": 1964}, {"name": "REGENCY CAKESTAND 3 TIER", "count": 1634}, {"name": "JUMBO BAG RED RETROSPOT", "count": 1588}, {"name": "ASSORTED COLOUR BIRD ORNAMENT", "count": 1378}, {"name": "PARTY BUNTING", "count": 1362}, {"name": "LUNCH BAG RED RETROSPOT", "count": 1281}, {"name": "SET OF 3 CAKE TINS PANTRY DESIGN", "count": 1118}, {"name": "LUNCH BAG  BLACK SKULL.", "count": 1065}, {"name": "POSTAGE", "count": 1043}, {"name": "PACK OF 72 RETROSPOT CAKE CASES", "count": 1013}], "cluster_stats": {"0": {"count": 48, "label": "Cluster 0"}, "1": {"count": 773, "label": "Cluster 1"}, "2": {"count": 3476, "label": "Cluster 2"}}}